paper_id,keyword_match
ad267e51229f372c3b192d9715ffe0918e667930,"['mycoplasma pneumoniae', 'tic', 'pain', 'histidine', 'mycoplasma pneumonia', 'scra', 'escherichia coli', 'water', 'pica', 'aved', 'helium']"
d45818d90368042f41c3a1c68c33d90e5c2f73f4,"['alcohol', 'tic', 'scot', 'middle east respiratory syndrome', 'thc', 'ether']"
75a206c4a2b9108911451e30ce870694ee8afffb,"['staphylococcus epidermidis', 'syphilis', 'tuberculosis', 'tic', 'aids', 'rheumatic fever', 'keratitis', 'chemokine', 'fits', 'mycoplasma pneumonia', 'tetanus toxoid', 'staphylococcus aureus', 'rigi', 'mycobacterium tuberculosis', 'candidiasis', 'tetanus', 'vaccinia', 'severe acute respiratory syndrome', 'ether', 'elm', 'cysticercosis', 'legionella pneumophila']"
42085d63b0fbfc03c555626cadd11d55774c5c64,"['influenza', 'oxygen', 'tic', 'rheumatoid arthritis', 'respiratory distress', 'calcium', 'erythema', 'rheumatoid', 'systemic lupus erythematosus', 'avian influenza', 'glycine', 'fructose', 'escherichia coli', 'phenylalanine', 'water', 'angiotensin ii', 'thc', 'pica', 'orf', 'alanine', 'aved', 'nr', 'ether']"
770a5f3c2a939681c06d2713a5f089626539414b,"['transcription', 'human immunodeficiency virus type 1', 'cytidine', 'tic', 'lead acetate', 'urea', 'astrovirus', 'orf', 'aved', 'nr', 'ether']"
0deff92f9a35367d54f8abe45c8646a88ed38ced,"['erk', 'transcription', 'tic', 'alopecia areata', 'helicobacter pylori infection', 'rheumatoid arthritis', 'glutathione', 'bladder cancer', 'prostate cancer', 'dilated cardiomyopathy', 'erythema', 'rheumatoid', 'fits', 'systemic lupus erythematosus', 'pancreatic cancer', 'myocardial infarction', 'cell cycle', 'helicobacter pylori', 'alopecia', 'apoptosis', 'glioma', 'pica', 'orf', 'vaccinia', 'aved', 'nr', 'biotin', 'breast cancer', 'severe acute respiratory syndrome', 'ether', 'ovarian cancer']"
2fbf85467d8268da83e90d1cd249978262c8f2a5,"['erysipelas', 'tic', 'quinupristin', 'erythromycin', 'ck syndrome', 'vancomycin', 'necrotizing fasciitis', 'rheumatic fever', 'impetigo', 'dalfopristin', 'rash', 'ofloxacin', 'levofloxacin', 'tigecycline', 'clindamycin', 'agar', 'tetracycline', 'nr', 'scarlet fever', 'severe acute respiratory syndrome', 'ampicillin', 'bacitracin', 'linezolid']"
7d11be39a5c1c652723bd39320630c3448b9bbd5,"['influenza', 'nipah virus', 'tic', 'stomatitis', 'hendra virus', 'nitrogen', 'aids', 'hepatitis b', 'hepatitis b virus', 'avian influenza', 'water', 'herpes simplex', 'rigi', 'astrovirus', 'hantavirus', 'human metapneumovirus', 'adenovirus']"
db92a9cee0d0ae29de92ca986788b97010a3fbb5,"['cleft palate', 'ascites', 'dysuria', 'famotidine', 'erk', 'thyroid', 'loperamide hydrochloride', 'periodontal disease', 'rosin', 'wheat', 'lactulose', 'diphenoxylate', 'lard', 'cox', 'galactose', 'tenesmus', 'myotonia', 'tic', 'splenomegaly', 'hypersalivation', 'pectin', 'lime', 'stomatitis', 'metronidazole', 'constipation', 'glossitis', 'pain', 'metoclopramide', 'yersinia enterocolitica', 'weight loss', 'scot', 'amoxicillin', 'ronidazole', 'echovirus', 'polyphagia', 'niacin', 'salmonella', 'griseofulvin', 'petrolatum', 'pemphigus', 'calcium', 'polymyositis', 'erythema', 'diphenoxylate hydrochloride', 'botulism', 'sucralfate', 'dibucaine', 'systemic lupus erythematosus', 'rectovaginal fistula', 'loperamide', 'abdominal mass', 'barium sulfate', 'pemphigus foliaceus', 'toxoplasmosis', 'potassium', 'clostridium perfringens', 'chlorhexidine', 'atropine', 'cough', 'phenothiazine', 'myasthenia gravis', 'scra', 'thrombocytopenia', 'prednisolone', 'cimetidine', 'pemphigoid', 'congenital disorders', 'fructose', 'hematemesis', 'mineral oil', 'escherichia coli', 'ataxia', 'water', 'rotavirus', 'rigi', 'bismuth subsalicylate', 'kaolin', 'astrovirus', 'oral ulceration', 'choline', 'aspirin', 'dysphagia', 'lactose', 'thc', 'weight gain', 'pica', 'gastrointestinal bleeding', 'patent ductus arteriosus', 'tetanus', 'adenovirus', 'disseminated intravascular coagulation', 'hh', 'aved', 'nr', 'potassium chloride', 'histamine', 'pemphigus vulgaris', 'helium', 'incontinence', 'ampicillin', 'ether', 'glucose', 'pneumothorax', 'bisacodyl', 'coconut oil', 'abdominal pain', 'cleft lip', 'elm', 'ranitidine', 'promazine', 'chlorpromazine']"
664d9d028ca5ee7bedf1e1afa89b6f352430af5d,"['parainfluenza', 'glutamine', 'influenza', 'respiratory syncytial virus', 'cox', 'oxygen', 'tic', 'vancomycin', 'nystatin', 'down syndrome', 'moraxella catarrhalis', 'rash', 'asthma', 'amikacin', 'cough', 'conjunctivitis', 'rotavirus', 'human metapneumovirus', 'rhinovirus', 'pica', 'adenovirus', 'ether', 'mental retardation']"
d29aff541cdafaf123b8c8ccae6689ab888affbb,"['tic', 'water', 'rigi', 'agar', 'orf', 'ether']"
315e0d41fc6ddcf3631799cc98556edcb7f4ce4e,"['influenza', 'zanamivir', 'nipah virus', 'tuberculosis', 'tic', 'scot', 'monkeypox', 'aids', 'influenza a virus', 'oseltamivir', 'avian influenza', 'ebola virus', 'dengue', 'scra', 'rigi', 'lassa fever', 'severe acute respiratory syndrome', 'ether']"
41eb57ba03a771b5b29555e0c95fbb7bd31d66c9,"['doxycycline', 'galactose', 'glucosamine', 'tic', 'stomatitis', 'glutathione', 'hepatitis b', 'hiv infection', 'calcium', 'hepatitis c', 'hepatitis b virus', 'streptomycin', 'ethanol', 'paraformaldehyde', 'asparagine', 'hepatitis c virus', 'vesicular stomatitis virus', 'formaldehyde', 'lactose', 'hh', 'orf', 'metrizamide', 'nr', 'acetone', 'severe acute respiratory syndrome', 'ether', 'glucose', 'elm']"
c82cbad0be72eb11f029c28f3086d872a84146df,"['transcription', 'tic', 'water', 'rigi', 'aved']"
21280ea42df08d5a4e52024bcfaadd4abba39088,"['ascites', 'tremor', 'paraffin', 'transcription', 'insomnia', 'tic', 'scot', 'sodium acetate', 'neuroblastoma', 'ethanol', 'hydrogen peroxide', 'scra', 'ataxia', 'water', 'formaldehyde', 'hydrocephalus', 'agar', 'sucrose', 'pica', 'pepstatin', 'aved', 'nr', 'biotin', 'acetone', 'ether', 'lysine']"
fede4c831f7ea2700fc6f590b7cf2ce4a120fe7a,"['paraffin', 'tic', 'scra', 'rigi', 'formaldehyde', 'pica', 'orf', 'helium', 'ether']"
c5db633489b120716baef1e0e144edf6f6ca42a0,"['alcohol', 'tic', 'remdesivir', 'ebola virus', 'cough', 'malaria', 'water', 'ether', 'chloroquine']"
7ffd654ab8806fa6910c772cbbe9a0c029df4c90,"['tic', 'fenbendazole', 'newcastle disease', 'adenovirus infection', 'water', 'levamisole', 'bendazol', 'adenovirus']"
63ecda7e10a99da81620bb39829c7deb9502842c,"['influenza', 'betaine', 'tic', 'hepatitis b', 'hepatitis b virus', 'fits', 'ethanol', 'avian influenza', 'water', 'agar', 'orf', 'severe acute respiratory syndrome', 'ether']"
46bb564c8af2f480220a51d4491bddabb3209643,"['wine', 'influenza', 'tlr', 'transcription', 'tic', 'human cytomegalovirus', 'hepatitis b', 'glycyrrhizin', 'tnf', 'hepatitis a', 'herpes simplex', 'rigi', 'glycyrrhiza', 'agar', 'cytomegalovirus', 'orf', 'severe acute respiratory syndrome', 'ether', 'glucose']"
7e1dc12c4487a0ff23ef783ea6d0bd329bdf9f16,"['influenza', 'thyroid', 'galactose', 'glucosamine', 'tic', 'stomatitis', 'sindbis virus', 'oxidative phosphorylation', 'pronase', 'asparagine', 'serine', 'rotavirus', 'rigi', 'vesicular stomatitis virus', 'chymotrypsin', 'thyroglobulin', 'sucrose', 'lactose', 'aved', 'nr', 'ether', 'glucose']"
2b4dbef3d273875c9848230f006161208a5cf139,"['influenza', 'transcription', 'respiratory syncytial virus', 'cox', 'oxygen', 'tic', 'respiratory distress', 'asthma', 'cough', 'tnf', 'human metapneumovirus', 'rhinovirus', 'pica', 'adenovirus', 'helium']"
cbb544cd5f64227e539cc74f9734d8a5874b04ab,"['tic', 'cough', 'severe acute respiratory syndrome']"
4602afcb8d95ebd9da583124384fd74299d20f5b,"['influenza', 'tic', 'hepatocellular carcinoma', 'influenza a virus', 'aprotinin', 'serine', 'scra', 'methionine', 'human metapneumovirus', 'pica', 'camostat', 'aved', 'ether']"
90b5ecf991032f3918ad43b252e17d1171b4ea63,"['influenza', 'tic', 'water', 'pica']"
c8a9e49416051620631005def6ea86c91cf86bc9,"['atazanavir', 'transcription', 'montelukast sodium', 'tic', 'maribavir', 'ifn', 'pain', 'indinavir', 'nlr', 'threonine', 'serine', 'tnf', 'dipyridamole', 'water', 'rigi', 'sulfiram', 'candesartan', 'nlrp3 inflammasome', 'disulfiram', 'montelukast', 'ether', 'chloroquine']"
6e0a621ce934a48880db47ea2241cefdf5b43898,"['tic', 'thc', 'elm']"
d3c2e2839498c613ee95739dce7052109750362c,"['prednisone', 'tic', 'methylprednisolone', 'prednisolone', 'rigi', 'thc', 'pica', 'nr']"
7c3c810250221b9947a2848a87a2b9126c545939,"['erk', 'tic', 'respiratory distress', 'thc', 'hh', 'aved', 'nr', 'ether', 'elm']"
bbd9d63dc2c733c763770f62205ef9adeceb0127,"['influenza', 'tic', 'chronic obstructive pulmonary disease (copd)', 'water', 'pica', 'severe acute respiratory syndrome']"
653eaae28583c6bc6b3e78fcc4e46539b3ac3922,"['tic', 'pain', 'aids', 'nr', 'ether']"
0c937df4094dd69cc90aeb5e69de2064094b71cf,"['tic', 'ether']"
da3aa20131ac2805c0d9e1b29f094683479ab5b7,"['glutamine', 'transcription', 'tic', 'nitrogen', 'ethanol', 'water', 'rigi', 'sucrose', 'thc', 'pepstatin', 'aved', 'nr', 'ampicillin', 'sodium hypochlorite', 'lysine']"
aa12917f77de45b88f1c9a06fba69686863b81ae,"['influenza', 'transcription', 'tic', 'remdesivir', 'ifn', 'tnf', 'rigi', 'diltiazem', 'angina pectoris', 'pica', 'orf', 'severe acute respiratory syndrome', 'helium', 'ether']"
6e4e0f758769308e284f43925e1533896943070e,"['glucosamine', 'tic', 'ebola virus']"
b2de691570027e843e3af655efc42bf87ac56c7f,"['tic', 'remdesivir', 'malt', 'fits', 'ether']"
22d12f509369047b9dcbb438042c93c5c044999d,"['transcription', 'rosin', 'tic', 'histidine', 'tryptophan', 'tyrosine', 'escherichia coli', 'phenylalanine', 'hh', 'alanine', 'nr', 'severe acute respiratory syndrome', 'ether', 'lysine']"
47a7579cf81744a0a83b1b64cc9017fb600452cd,"['cox', 'oxygen', 'tic', 'myalgia', 'headache', 'cough', 'severe acute respiratory syndrome']"
05e37847597676ae715adcec18a6574e75a20546,"['tic', 'elm']"
b9e604e4c89da987d5bd7dec76a01f29572801c2,"['covid19', 'tic', 'rigi', 'severe acute respiratory syndrome', 'ether']"
0185f63fd6ecdf04829a155f4d7f62a5b532f06d,"['influenza', 'tic', 'pain', 'ebola virus', 'cough', 'thc', 'pica', 'severe acute respiratory syndrome', 'ether']"
d2c7ac58cc309df9d3da8e766184d09c32d16dca,"['tic', 'bacillus subtilis', 'bacillus cereus', 'cowpox', 'sarcina', 'listeria monocytogenes', 'rigi', 'astrovirus', 'nr', 'ether']"
11bb388ea0dbb352e25fcbc8614bfd6e62831e8b,"['pam', 'transcription', 'human immunodeficiency virus type 1', 'tic', 'aids', 'acquired immunodeficiency syndrome', 'pica', 'aved', 'fluorescein', 'severe acute respiratory syndrome', 'ether']"
3fb67d663ace1f95a9228d83bf11ff675d0fbff2,"['influenza', 'lopinavir', 'ritonavir', 'oxygen', 'tic', 'respiratory distress', 'influenza a virus', 'oseltamivir', 'methylprednisolone', 'prednisolone', 'middle east respiratory syndrome', 'orf', 'severe acute respiratory syndrome']"
fd96fc1859201e13e35526c188e022fa6e335327,"['tic', 'middle east respiratory syndrome', 'pica', 'severe acute respiratory syndrome', 'ether']"
cc9b7b99074f28886502d3efc3293366841c55b5,"['influenza', 'tic', 'fits', 'cough', 'thc', 'hh', 'aved', 'severe acute respiratory syndrome', 'elm']"
85e97e7b856aa681dd67c802852d39daf052f487,"['influenza', 'transcription', 'rosin', 'tic', 'tyrosine', 'threonine', 'serine', 'rigi', 'alanine']"
373b3b78e296f0046af3506452c6934b71084b58,"['influenza', 'tic']"
755a24ae9668115bcdcd87f755a3d7ece550d97e,"['influenza', 'tic', 'fits', 'thc', 'severe acute respiratory syndrome', 'ether']"
d12b31daa935e9043a9f526a2547b6216ada7cde,"['oxygen', 'tic', 'creatinine', 'fatigue', 'cough', 'alanine', 'nr', 'ether']"
9a077c5ff1dcbb9104feeaa832e73ccdcf5fdcc9,"['influenza', 'transcription', 'oxygen', 'tic', 'respiratory distress', 'fatigue', 'myalgia', 'cough', 'thc', 'pica', 'nr', 'helium', 'ether', 'elm']"
92413565e9d507fdf5550d5123ef420948ae993c,"['tremor', 'tic', 'ifn', 'pain', 'respiratory distress', 'fatigue', 'headache', 'cough', 'tnf', 'middle east respiratory syndrome', 'chest pain', 'pica', 'nr', 'severe acute respiratory syndrome']"
712f1a74a5083d690832eed5fd9ff16a04434d8d,"['influenza', 'transcription', 'tic', 'common cold', 'respiratory distress', 'uracil', 'cough', 'middle east respiratory syndrome', 'zika virus', 'severe acute respiratory syndrome']"
5d467e076ae2ca26675f5b4215ba1be2617e17b2,"['insomnia', 'tic', 'erythema', 'rheumatoid', 'systemic lupus erythematosus', 'headache', 'cough', 'tnf', 'malaria', 'hydroxychloroquine', 'peripheral neuropathy', 'chloroquine phosphate', 'nr', 'severe acute respiratory syndrome', 'chloroquine']"
87bfa13221ccf5a02d4a888ef1320b57f2c2d5e2,"['glutamine', 'tlr', 'transcription', 'insulin', 'henipavirus infection', 'tic', 'ifn', 'gelatin', 'streptomycin', 'ethanol', 'ebola virus', 'rigi', 'pica']"
e4e5e67fd4f75548dffab7f75484bc14fa15c0c2,"['influenza', 'tic', 'scot', 'fits', 'avian influenza', 'ebola virus', 'rigi', 'agar', 'pica', 'hh']"
16ffae6b21685dfcd71c62398ba65adefc9b5d44,"['tic', 'thc', 'pica', 'aved', 'ether']"
ebb03df157e2df22c868e7c972203e4effb79dcd,"['alcohol', 'tic', 'isopropyl alcohol', 'saccharin', 'thc', 'nr']"
395602934e0de622a2aa6d31a73bd9abdcf68bf2,"['influenza', 'tic', 'asthma', 'thc']"
9b7363fd23cb887d8e49df8385ff5cc68fef7509,"['tic', 'lime', 'phenol', 'water', 'ethylenediamine']"
0eee9760aee0ca2fdf8d1d215c3689d5f8d84df5,"['influenza', 'tic', 'fatigue', 'myalgia', 'headache', 'cough', 'rigi', 'pica', 'nr']"
fbc41a8e025cd6eb2d7c156aad3b6923af2349c4,"['tic', 'respiratory distress', 'pica', 'helium']"
b9d429419f94f203f63439ffd95e3cac2a958fa6,"['yersinia pestis', 'smallpox', 'influenza', 'tic', 'plague', 'pica', 'nr', 'ether']"
ae4f1ac93bb55da1231f08eb1654f19352ab1a3f,"['tic', 'nr', 'severe acute respiratory syndrome']"
e7bdd52badd2d2ca8ce7bd838ca42d02ca3396ee,"['parainfluenza', 'influenza', 'tic', 'creatinine', 'gelatin', 'rhinovirus', 'adenovirus', 'nr', 'ether']"
25c7476e1d441463f442ce3f5c157ee699ddc70a,"['tic', 'fits', 'cough', 'water', 'severe acute respiratory syndrome', 'helium']"
86aa76ed7c5e77e02cb11831696e5f72ebc06690,"['influenza', 'tic', 'water', 'agar']"
eb7f316a641355381641aa6fc032965f053261fd,"['alcohol', 'notch', 'cox', 'tic', 'pain', 'thc', 'pica', 'nr']"
1d2e66528cfb3f754157404a225d551f6cdab1ae,"['parainfluenza', 'influenza', 'erk', 'respiratory syncytial virus', 'mycoplasma pneumoniae', 'tic', 'scot', 'middle east respiratory syndrome coronavirus', 'mycoplasma pneumonia', 'chronic obstructive pulmonary disease (copd)', 'testosterone', 'middle east respiratory syndrome', 'thc', 'pica', 'adenovirus', 'nr', 'severe acute respiratory syndrome', 'ether']"
e60640bfc445db0f53b5d92cb9f69cd943f1b73a,"['influenza', 'tic', 'middle east respiratory syndrome coronavirus', 'serine', 'rigi', 'choline', 'middle east respiratory syndrome', 'pica', 'hh', 'orf', 'nr', 'ether']"
fccf6791aac676cf26c0be7745e217f9b8d6336c,"['tremor', 'haloperidol', 'tic', 'dystonia', 'parkinsonism', 'hallucinations', 'schizophrenia', 'rigi', 'pica', 'nr', 'mass phenotype', 'ether']"
a820b596634c3afa1c6a06640e2686bde5e0e51f,"['tic', 'cough', 'rigi', 'yellow fever', 'alanine', 'ether']"
cb13ff898500a6e4c1f4f724f93ea624bd5b8f11,"['influenza', 'tic', 'thc', 'severe acute respiratory syndrome', 'ether', 'elm']"
1c06378f629bfa8870c89b3abfdecfc19db9b459,"['glutamine', 'pam', 'influenza', 'human papillomavirus', 'respiratory syncytial virus', 'cox', 'tic', 'parkinsonism', 'pain', 'calcium', 'hepatitis c', 'chemokine', 'streptomycin', 'isoflurane', 'sodium citrate', 'herpes simplex virus 1', 'scra', 'hepatitis c virus', 'hepatitis a', 'palivizumab', 'water', 'herpes simplex', 'rigi', 'dimethyl sulfoxide', 'agar', 'sucrose', 'complement activation', 'diabetes mellitus', 'adenovirus', 'nr', 'fibronectin', 'ether']"
a3dcd6b3f0551e607d0235616109ab8d506f81a2,"['nipah virus', 'cox', 'tic', 'dengue', 'malaria', 'middle east respiratory syndrome', 'zika virus', 'nr', 'ether']"
a555fbeeffc44dfdb5087c83395f0f743654cbba,"['tlr', 'erk', 'transcription', 'tic', 'ifn', 'seborrheic dermatitis', 'atopic dermatitis', 'tnf', 'escherichia coli', 'staphylococcus aureus', 'rigi', 'agar', 'sucrose', 'pica', 'orf', 'nr', 'ether', 'elm']"
6fa1537d3cad42c332a707aa76b62a4d6d5e8736,"['influenza', 'tuberculosis', 'cox', 'secretin', 'tic', 'ifn', 'rheumatoid arthritis', 'respiratory distress', 'influenza a virus', 'fatigue', 'type i ifn', 'chemokine', 'rheumatoid', 'myalgia', 'cough', 'tnf', 'malaria', 'apoptosis', 'rigi', 'hantavirus', 'anakinra', 'diabetes mellitus', 'pica', 'alanine', 'nr', 'severe acute respiratory syndrome', 'ether']"
9fb5ca87ca47d35d87161158ae37fc0ca642c51e,"['transcription', 'tic', 'amyotrophic lateral sclerosis', 'calcium', 'tnf', 'orf', 'ether']"
ae61300f4e7a12a68baf114f199eb51940c7aad3,"['tic', 'etl', 'ether']"
ed43a39e585d77f1fecd662508f8042ed4ad3396,"['influenza', 'tic', 'fits', 'severe acute respiratory syndrome']"
db26db9bcf076abc562784c836e280940b90b949,"['tic', 'ether']"
a891d059692c951d1fb0fb36914fe451f973684a,"['tic', 'serine', 'chymotrypsin', 'pica', 'camostat', 'aved', 'nr', 'helium', 'ether']"
b1b9d81726e56c2781ce6b63ae5015cf2f314c6f,"['influenza', 'tic', 'avian influenza', 'rigi']"
e7ff9455c483c237c3ee08b9d230b7be65c064bf,"['pam', 'sulpiride', 'ascorbic acid', 'erk', 'rosin', 'haloperidol', 'oxygen', 'tic', 'dopamine', 'nitrogen', 'tyrosine', 'epinephrine', 'calcium', 'fits', 'ethanol', 'xylazine', 'paraformaldehyde', 'wnt', 'schizophrenia', 'water', 'choline', 'formaldehyde', 'ketamine', 'orf', 'glucose']"
841e2b8df37c627db6013f7da95a3d9b7cff81f2,"['influenza', 'alcohol', 'tic', 'remdesivir', 'cough', 'hydroxychloroquine', 'middle east respiratory syndrome', 'thc', 'severe acute respiratory syndrome', 'ether', 'chloroquine']"
2278d4bb9e0ab0b4d8a77924cf165870bd660b30,"['transcription', 'oxygen', 'tic', 'fatigue', 'headache', 'cough', 'pica', 'nr', 'severe acute respiratory syndrome', 'ether']"
d2609c4d8837558f4b8f32170422ce1cd12425a6,"['tic', 'rigi', 'pica']"
2e5d79e1e6ebeed6cffdad2b474ca7675da969e7,"['tic', 'norovirus', 'rigi', 'ether']"
ef69fe3596cf5422a4dce8d21e2892687b1241e7,"['influenza', 'tic', 'severe acute respiratory syndrome', 'ether']"
803db419ef96f9f2d401ab2681ab4457bfbdec87,"['tic', 'pruritus', 'hallucinations', 'mefloquine', 'headache', 'malaria', 'hydroxychloroquine', 'psoriasis', 'chloroquine']"
0624a12abfe85c8b5070850d912a2db4cd453236,"['transcription', 'tic', 'fits', 'talc', 'rigi', 'pica', 'nr', 'ether']"
b312b8473083616be08663b03da7e8065adc355c,"['pam', 'erk', 'transcription', 'secretin', 'tic', 'dopamine', 'pain', 'respiratory distress', 'papain', 'paraformaldehyde', 'tamoxifen', 'scra', 'water', 'formaldehyde', 'anosmia', 'pica', 'nr', 'fluorescein', 'biotin', 'helium', 'ether', 'glucose', 'elm']"
343ac900b17776cfd86c294269adf66f94b7b197,"['tic', 'rigi', 'ether']"
43d4eadd45196bbbafecfb3c888c18274d917859,"['influenza', 'covid19', 'tic', 'limp', 'pain', 'thc', 'pica', 'aved', 'ether']"
a8573e6963125b8842707d449bf5232185042208,"['tic', 'pain', 'thc', 'pica', 'ether', 'elm']"
f33c6d94b0efaa198f8f3f20e644625fa3fe10d2,"['influenza', 'transcription', 'tic', 'rigi', 'pica', 'orf', 'nr', 'ether', 'haemophilus influenzae']"
2d6ba9e0dc9deada31863f148542618bc4035c8c,['tic']
9c597bdfdf62cc41f668803f35d24b9aba9e1893,"['tic', 'fits', 'pica']"
c6dcd4a2ea8813a73929fc240ff238344875488e,"['influenza', 'cox', 'tic', 'human cytomegalovirus', 'cholangiocarcinoma', 'influenza a virus', 'squamous cell carcinoma', 'rigi', 'cytomegalovirus', 'vaccinia', 'nr', 'ether']"
c8b6f2752a842dd9eb9c50a82112748ef10ba259,"['influenza', 'tlr', 'tic', 'ifn', 'middle east respiratory syndrome coronavirus', 'type i ifn', 'middle east respiratory syndrome', 'severe acute respiratory syndrome', 'helium', 'ether']"
88bbc7caeb63650aaf93e7d98ff247783313ac70,"['influenza', 'transcription', 'tic', 'avian influenza', 'water', 'rigi', 'pica', 'orf', 'severe acute respiratory syndrome']"
342100efd557117568d971aa59f162620f3b9fcb,"['tic', 'ether']"
22ab9f53a5e0eca57b7a0d13e0773f9522022605,"['tic', 'water', 'rigi', 'orf']"
ddefea974fdb2730133e762ece41335b3d3cb94d,"['influenza', 'tic', 'middle east respiratory syndrome coronavirus', 'microcephaly', 'middle east respiratory syndrome', 'zika virus', 'hh', 'severe acute respiratory syndrome', 'ether']"
87b89b038b28d2ba0bcfd2203845bf15f922c1b5,"['tic', 'rigi', 'thc', 'pica', 'severe acute respiratory syndrome', 'ether']"
46b19ac16dd792d453128312f9fc0028148fcd5d,"['tic', 'rigi', 'hh', 'nr', 'ether']"
9e470a251b0e5f7225c8e2acd5a82d06392c165f,"['tic', 'pain', 'pica', 'ether']"
ff0ca6f06e547051f1477fb0d652363b694b1882,"['influenza', 'tic', 'rigi', 'thc', 'ether']"
3b73c8abb7528c958cec0bae1890828af007b599,"['tic', 'cell cycle', 'rigi', 'pica', 'ether']"
53442eacc3f233078507fa37b78267399e8c1e3b,"['glutamine', 'transcription', 'tic', 'hepatocellular carcinoma', 'streptomycin', 'cell cycle', 'microcephaly', 'zika virus', 'aved', 'nr']"
6ba80f58d066d9fb759bac1191c72267d94afd39,"['tic', 'thc', 'pica', 'nr', 'severe acute respiratory syndrome']"
5bbc428de7fc2f10c24d8439edda26d84b319687,"['tic', 'rigi', 'ether']"
0c75a12114b92dbe8a63ff353c3c7fcbb3290ca2,"['covid19', 'tic', 'tnf', 'pica', 'chloroquine']"
28884786bfd579216f563c278e1730290dd4ccb8,"['transcription', 'respiratory syncytial virus', 'tic', 'remdesivir', 'rigidity', 'aids', 'marburg virus', 'hepatitis c', 'alovudine', 'ebola virus', 'serine', 'dengue', 'hepatitis c virus', 'sofosbuvir', 'velpatasvir', 'rigi', 'rhinovirus', 'pica', 'orf', 'nr', 'ribavirin']"
a33f451d8e2caff57c1133f14198454a64993c47,"['tic', 'common cold', 'cholic acid', 'streptomycin', 'ethanol', 'paraformaldehyde', 'deoxycholic acid', 'formaldehyde', 'thc', 'acetone']"
5befd6872c7ce4e7ce1ef969d34b2227368620af,['tic']
f53c2ce5cf9433c30694ec178d0b6a16c0196c51,"['influenza', 'tic', 'pica', 'ether']"
8f33e07fdd716b8edeab35563c9f27b63389debc,"['covid19', 'tic', 'respiratory distress', 'orf', 'ether']"
38e3d1d69791756c82b0e76c5ac72115a82f5a9d,"['covid19', 'tic', 'coronary artery disease', 'thc', 'severe acute respiratory syndrome', 'ether']"
754315299d847600d6c5d414665c728d40bf731d,"['influenza', 'tic', 'fits', 'cough', 'water', 'thc']"
ffc9bc4ac6548cb1c03c2c6f088ab1c1c2067c6f,"['tic', 'remdesivir', 'marburg virus', 'hepatitis c', 'ebola virus', 'hepatitis c virus', 'sofosbuvir', 'velpatasvir']"
233978852b45429db49d2aabe1c9c9bfe73b1884,['tic']
d23c6a066a58dbe5ec5fa57e67f1b795337299f7,"['glutamine', 'paraffin', 'influenza', 'erk', 'transcription', 'cox', 'tic', 'stomatitis', 'ifn', 'influenza a virus', 'hepatitis c', 'type i ifn', 'streptomycin', 'hepatitis c virus', 'hepatitis a', 'puromycin', 'rigi', 'vesicular stomatitis virus', 'formaldehyde', 'pica', 'alanine', 'camostat', 'nr', 'severe acute respiratory syndrome', 'ether', 'elm']"
06837008df793f872a6fb830dfb83c9525edb7c4,"['influenza', 'tic', 'common cold', 'cough', 'conjunctivitis', 'anosmia', 'thc', 'pica', 'rabies', 'elm']"
9ae476404f7ef1ec1ede965f0b898f31a5bf5a81,"['influenza', 'thyroid', 'tuberculosis', 'respiratory syncytial virus', 'cox', 'oxygen', 'tic', 'creatinine', 'pain', 'respiratory distress', 'fatigue', 'middle east respiratory syndrome coronavirus', 'myalgia', 'headache', 'cough', 'thrombocytopenia', 'middle east respiratory syndrome', 'chest pain', 'lactose', 'pica', 'alanine', 'nr', 'severe acute respiratory syndrome', 'ether']"
0d145c45e14a9a771ad638a55daecfe6654cca3e,"['cox', 'oxygen', 'tic', 'creatinine', 'respiratory distress', 'nr', 'severe acute respiratory syndrome', 'ether']"
54122e9771f67d234bdcc67172a788bc96eec34e,"['transcription', 'tic', 'ifn', 'chemokine', 'tnf', 'chymotrypsin', 'agar', 'ribavirin']"
92c020779e68e82d9a5f5898435e618caa63a099,"['parainfluenza', 'influenza', 'tic', 'ifn', 'respiratory distress', 'influenza a virus', 'chemokine', 'cxcr', 'serine', 'rigi', 'angiotensin ii', 'nr', 'ether', 'cholesterol']"
e2273d397d1b0c37a010d81be706c2a28af62c9e,"['transcription', 'tic', 'streptomycin', 'amphotericin b', 'hydroxychloroquine', 'agar', 'pica', 'chloroquine']"
14083b334f48819d6a42a2ed917adfa200c59df4,"['transcription', 'tic', 'pain', 'thc']"
b9dbb79c9e06164c3b7fefce67c11c5d6caf1fcd,"['wine', 'smallpox', 'influenza', 'transcription', 'tic', 'influenza a virus', 'scra', 'staphylococcus aureus', 'rigi', 'zika virus', 'orf', 'nr', 'ether']"
6186828135d9e5e7e50f66567505d02e910b3ee2,['tic']
e046a06f262d74d025272ad697d358c4afb5d9bd,"['transcription', 'covid19', 'tic', 'cough', 'rigi', 'middle east respiratory syndrome', 'thc', 'pica', 'orf', 'nr', 'severe acute respiratory syndrome']"
ea44a5e338dd5bd5b2ddc7241f6aba3319498817,"['tic', 'nr']"
2c59c4a3c9ad2c814d9f2188cc92114ca0374166,"['tic', 'ralstonia', 'filipin', 'cough', 'rigi', 'diarrhoea', 'orf']"
7344c6de7ce2258e74ce131bed72e6ad465f0ce8,"['influenza', 'tic', 'rigi']"
ffbc1762c9e43be58033a7a1f2e21e00d9c7d250,"['erk', 'covid19', 'tic', 'thc']"
f056da9c64fbf00a4645ae326e8a4339d015d155,"['tic', 'rigi', 'ether']"
9aef9e1c22896809852ec6c94e413aff33b3d9cf,"['tic', 'ethanol', 'agar', 'severe acute respiratory syndrome', 'ether']"
cbed34d38e2e3331df2c16a60734092ef77420eb,"['influenza', 'tic', 'thc', 'ether']"
3379f2ad661859b90114bf78804f5c11ef84e3d7,"['tic', 'pain']"
0acc1f9a1c333a9a6b2dbba4a252d7576f024783,"['urokinase', 'tic', 'phenylalanine', 'water', 'rigi', 'choline', 'pica', 'adenovirus', 'alanine', 'cetuximab']"
9c32d461dc9d4737756a990cf13bae1a03e078a9,"['paraffin', 'influenza', 'erk', 'cox', 'tic', 'ifn', 'cystic fibrosis', 'ahr', 'asthma', 'chemokine', 'chronic obstructive pulmonary disease (copd)', 'isoflurane', 'cough', 'scra', 'tnf', 'water', 'rigi', 'choline', 'adenosine', 'rhinovirus', 'agar', 'thc', 'nr', 'biotin', 'helium', 'ether', 'elm']"
eb8ac60527db35b10881cb4fd86b8a6e21983d02,"['oxygen', 'tic', 'pain', 'respiratory distress', 'fatigue', 'myalgia', 'headache', 'cough', 'chest pain', 'pica', 'alanine', 'nr', 'ether']"
00340eea543336d54adda18236424de6a5e91c9d,"['tic', 'respiratory distress', 'cough', 'nr', 'ether']"
e05c39ce913edc81f93c9247f9714d6cddd30073,"['influenza', 'transcription', 'tic', 'influenza a virus', 'mssa', 'staphylococcus aureus', 'water', 'thc', 'ether']"
698e0cf9549b15dd23a852c59f887acba2ee260d,"['covid19', 'tic', 'rigi', 'pica', 'ether']"
5a82341aa55e49199c026031bae5e286deb35baf,"['tic', 'thc', 'pica']"
598d3eb737dfa7701ce8c29c86bc9f6589d8a581,"['oxygen', 'tic', 'cough', 'pica']"
c14d50924f959d38ff7857e6db3a60c929448956,"['glutamine', 'tic', 'cycloheximide', 'puromycin', 'pica', 'sodium thiosulfate']"
ff067164497bcfbd9145be223dcd2b05f159dd63,"['influenza', 'oxygen', 'mycoplasma pneumoniae', 'tic', 'respiratory distress', 'fatigue', 'mycoplasma pneumonia', 'cough', 'pica', 'nr', 'streptococcus pneumoniae']"
55d15b44cadac3402124640369b8ef956bc017a8,"['influenza', 'tuberculosis', 'tic', 'ether']"
7b30d043f8f04a83259f35c9528879ecfe948ee8,"['influenza', 'covid19', 'tic', 'rigi', 'middle east respiratory syndrome', 'aved', 'severe acute respiratory syndrome', 'ether']"
11f96d05db6854ef95312aa3a4736724ce1f02d6,"['influenza', 'tic']"
a54966e87bd4161c701bcaad24bd938dc0f8cd05,"['leucine', 'tic', 'unfolded protein response (upr)', 'aspartic acid', 'apoptosis', 'rigi', 'pica', 'ether']"
65238660a2ab7f9d71ce07e05fdb65806c74a271,"['syphilis', 'tic', 'thc', 'orf', 'ether']"
4f53e43ba1bfb84611eaa839994f9297cdd65dc9,"['tic', 'urea']"
38c35aed007b69cf403a097e93b18ad261072568,"['lopinavir', 'ritonavir', 'tic', 'remdesivir', 'ebola virus', 'pica', 'ether']"
19a08cc1423d6006b2251bdcfd142f88db7002e7,"['lopinavir', 'ritonavir', 'oxygen', 'tic', 'finnish', 'remdesivir', 'respiratory distress', 'inosine', 'losartan', 'valsartan', 'leflunomide', 'serine', 'captopril', 'hydroxychloroquine', 'chloroquine phosphate', 'camostat', 'nr', 'ether', 'chloroquine', 'ribavirin']"
e8efcf095ea37444eadcb82fb363b2760a6f25d8,"['tic', 'fits', 'nr', 'ether']"
7bc87a77a7aba144248cfa3bc514541f09047edf,"['tic', 'aids', 'fits', 'ether', 'elm']"
da1c4150266f2d9c28d27ab0c428a3e7969cc7a2,"['tic', 'ethanol', 'urea', 'vanilla', 'aved', 'nr', 'ether', 'elm']"
3c14c4c3a176c86833794029e787ce460c9d89dd,"['valine', 'transcription', 'lard', 'leucine', 'tic', 'ifn', 'isoleucine', 'marburg virus', 'rigi', 'hh', 'aved', 'nr', 'ether']"
225f36e98f690b835d8cf0d8794afa9e89306038,"['influenza', 'tic', 'fits']"
24ff82a421f1a33db3ebaa22652bd62e0cb77c57,"['tic', 'middle east respiratory syndrome', 'pica', 'severe acute respiratory syndrome']"
f6743c4c5f0b09b3d6a32692dec5f217f23a12eb,"['tic', 'pain', 'thc', 'pica']"
68041db129253fd6ea54686d016952e8821dcfb8,"['glutamine', 'paraffin', 'influenza', 'amiloride', 'tlr', 'urokinase', 'tic', 'lithium carbonate', 'cystic fibrosis', 'respiratory distress', 'inositol', 'ethanol', 'sodium citrate', 'bleomycin', 'lithium', 'scra', 'mannitol', 'water', 'agar', 'pica', 'aved', 'nr', 'biotin', 'helium', 'ether', 'glucose']"
c9518d99e12fc18809c806b2296522b7c94f6b7e,"['tic', 'fits', 'thc', 'elm']"
ca950c8677b72b5c4812be3f7d082029df3c12ea,"['influenza', 'tic', 'rigi', 'orf', 'ether']"
ddc40ffc47069f3714c8da65843f36f41ed0f8bb,"['influenza', 'cox', 'tic', 'nitrogen', 'aids', 'ebola virus', 'rigi', 'middle east respiratory syndrome', 'agar', 'pica', 'nr', 'severe acute respiratory syndrome', 'ether']"
d2cb42016d667584f72dcb518603e4e390f17ba6,"['tic', 'middle east respiratory syndrome', 'nr', 'severe acute respiratory syndrome']"
8a73ab00fcfa1789da4d0755f67bc5da48846ace,"['insomnia', 'tic', 'fatigue', 'sleep disturbance', 'nr']"
a8e8f013668d49c84534848a416a3317b244710d,"['tic', 'asthma']"
de3ae7971891058db2f4b36cd216531e6f533332,"['influenza', 'magnesium chloride', 'rosin', 'polyethylene glycol 3350', 'tic', 'nitrogen', 'influenza a virus', 'tyrosine', 'hepatitis c', 'fits', 'hepatitis c virus', 'water', 'rigi', 'dimethyl sulfoxide', 'thc', 'alanine', 'ether']"
fbb69cabac9f68f76d6e7219b26575a3bdc52d61,"['tic', 'thc', 'elm']"
b62add31f59fb244e0721a204bdec76888be7e16,"['tic', 'saquinavir', 'fatigue', 'cough', 'rigi', 'thc', 'pica', 'severe acute respiratory syndrome']"
901fdffc89f57ad2efc39cf3e06c3b28ae154427,"['influenza', 'tuberculosis', 'cox', 'tic', 'fatigue', 'avian influenza', 'headache', 'rigi', 'thc', 'hh', 'alanine', 'nr', 'ether']"
b23ef04fdeffdf21cf7c32a977c96d5b6a2c194c,"['tic', 'remdesivir', 'ether']"
180c88b68816bbb6eb57aa515a3aec4020178729,"['tic', 'malt', 'malt extract', 'water', 'rigi', 'agar', 'dextrose', 'aved', 'nr']"
f19e2df932f90f387fe71533f3802875d9042160,"['oxygen', 'tic', 'common cold', 'pain', 'respiratory distress', 'fatigue', 'lactic acid', 'cough', 'tnf', 'apoptosis', 'middle east respiratory syndrome', 'severe acute respiratory syndrome', 'ether', 'elm']"
0ee75b3dd25efc988f0171d5cc9b3586c5ab46c3,"['tic', 'fits', 'rigi', 'pica']"
a4f324ab15b8686700c8c6c61a5f98d665ba387d,"['influenza', 'tic', 'thc', 'pica']"
384be43f7c390a217860e373da6f9abc80279d60,"['erk', 'transcription', 'covid19', 'tic', 'ethanol', 'water', 'rigi', 'thc', 'pica', 'orf', 'aved', 'severe acute respiratory syndrome', 'ether', 'elm']"
c2a84d150958eb9c206a388660a12e4f5fa6fa1c,"['tic', 'ether']"
26faf026cf5c77945422b8a4664ae8200781e017,"['alcohol', 'tic', 'fits', 'thc', 'pica', 'severe acute respiratory syndrome', 'ether', 'elm']"
fe66306680e5be9820e2cc3742b663a782eb1b31,"['influenza', 'tic', 'middle east respiratory syndrome', 'severe acute respiratory syndrome']"
1b4ab28a9391d516e1753874c73d2d244104f825,"['amiloride', 'tic', 'respiratory distress', 'amantadine', 'orf', 'aved', 'nr', 'ether']"
b0746b57a6c8f3cd9e52a27b0d708d069134b502,"['tic', 'rigi', 'middle east respiratory syndrome']"
4b8bdaf9670d7c24f952ca38bfe6c699152421b7,"['tic', 'ebola virus', 'rigi', 'pica', 'ether', 'elm']"
a8e53c77bc72f467723a7d5b8020875c0e96f8aa,"['hemophilia', 'tic', 'histidine', 'asparagine', 'tnf', 'angiotensin ii', 'hh', 'severe acute respiratory syndrome']"
341fe593ea84b66223d50924bddbba252c37bc4e,"['tic', 'fits', 'nr']"
10424da2599f0258bfaf71a3186b999ab2d747d0,"['tic', 'agar', 'adenovirus', 'nr', 'rabies']"
70e1f2a0ff48a5d24e75fc2920d757968b224d79,"['tic', 'pain', 'myalgia', 'gastric cancer', 'headache', 'rigi', 'middle east respiratory syndrome', 'chest pain', 'severe acute respiratory syndrome', 'ether']"
23e3bf540ca523f2f4dd999014310a95c9128f23,"['tic', 'nlr', 'threonine', 'serine', 'rigi', 'pica', 'orf', 'severe acute respiratory syndrome']"
6f04b753eea330cf3d704f36d34778ddb7927973,"['tic', 'cough', 'severe acute respiratory syndrome']"
9e94f9379fd74fcacc4f3a57e03cbe9035efee8e,"['lopinavir', 'ritonavir', 'tic', 'ibd', 'pain', 'respiratory distress', 'darunavir', 'papain', 'rigi', 'middle east respiratory syndrome', 'orf', 'severe acute respiratory syndrome', 'ether']"
090b6c8b3df30bc248221869f673a2d970caa1b9,"['measles', 'cox', 'tic', 'rubella', 'mumps']"
2dc6766fe253b1b832d8a3074404fb5daae4762f,"['wine', 'tic', 'deferoxamine', 'kanamycin sulfate', 'rigi', 'formaldehyde', 'agar', 'bacteroides', 'biotin', 'ammonium sulfate', 'ether', 'thiamine']"
d3de3a027f59c0acc13afa851e270c7fef849db5,"['tic', 'nr']"
58862a1cb5303f362e2bcf5db7f90308efffe4d7,"['rosin', 'tic', 'metyrosine', 'respiratory distress', 'prazosin', 'tyrosine', 'myocardial infarction', 'tocilizumab', 'diabetes mellitus', 'elm']"
ed0a318f34fe2d65cce6127be009ad7d5f3c7cae,"['osteosarcoma', 'tic', 'norwalk virus', 'fits', 'streptomycin', 'potassium', 'arginine', 'norovirus', 'apoptosis', 'rigi', 'formaldehyde', 'orf', 'aved', 'nr', 'ether', 'lysine']"
a44334e676e43c1889d282b0f0a8365f0f1e0c52,"['tic', 'rigi', 'pica', 'ether']"
6d0bae20db2c120336ad5fea0440a90339b65c74,"['pam', 'influenza', 'measles', 'tic', 'ifn', 'rubella', 'mumps', 'influenza virus vaccine', 'rigi', 'pica', 'adenovirus', 'nr', 'ether']"
96670e7da04da4e51028542293e50b9c3c40a6ca,"['influenza', 'measles', 'hemophilia', 'tic', 'ahr', 'pain', 'aids', 'atrial fibrillation', 'rigi', 'pica', 'aved', 'nr', 'severe acute respiratory syndrome', 'ether']"
798a9a453732be004bdbbcd01e872abe0e3af90f,"['tic', 'cough']"
ca1351c4073b53c81ea950d9fbbda67c50af293d,"['influenza', 'tic', 'pain', 'senega', 'cough', 'rigi', 'middle east respiratory syndrome', 'thc', 'nr', 'severe acute respiratory syndrome']"
1d2947d5c0addcbbcfa71d87ea074a8b6ff2a973,"['tic', 'aids', 'rigi', 'pica', 'nr', 'ether']"
46ecc5f1ac34e8f2befad14d000ad7d0cde539d8,"['influenza', 'tlr', 'tic', 'stomatitis', 'venezuelan equine encephalitis', 'hiv infection', 'vesicular stomatitis virus', 'pica', 'ether']"
ca6fe1dd27e6b22bd0815a25ab9087a30631f0c9,"['transcription', 'tic', 'rigi', 'orf', 'nr', 'severe acute respiratory syndrome', 'ether']"
7ab3f4c86db5904e41edc0adefa84b797f97c510,"['cox', 'oxygen', 'tic', 'creatinine', 'respiratory distress', 'urea', 'nr']"
9586d4626b1a6c4df9636667e29b257e3578f2b6,['tic']
6356729841fc4008c8bbbefb42f1765f391bb39f,"['covid19', 'tic', 'rigi', 'severe acute respiratory syndrome', 'ether']"
7434c85ad29b60e5313fd351a7e677dee899d61b,"['oxygen', 'tic', 'nitrogen', 'respiratory distress', 'hydrochloric acid', 'ethanol', 'isoflurane', 'water', 'choline', 'nr', 'fluorescein', 'helium', 'ether', 'acute pancreatitis', 'cholesterol']"
92acb561ba0ebfbeb8efb529279ae659dcd9a548,"['tic', 'falls', 'pica', 'nr', 'ether']"
fc0ef2c4bd54f0adda9e453eacce9fd916901723,"['tic', 'pain', 'nitrogen', 'asthma', 'fits', 'rigi', 'elm']"
46e37af1e1b4812cf748198b969b105ae93ee50e,"['tic', 'common cold', 'pain', 'cough', 'middle east respiratory syndrome', 'severe acute respiratory syndrome']"
fdf20c752531c78cd56750268f1d62c61eb9e2bd,"['tic', 'fits', 'urea', 'thc', 'elm']"
0fd5170ad0080433dbe4ed11906969f93981e67d,"['paraffin', 'tic', 'ethanol', 'obesity', 'glutaral', 'hh', 'nr', 'ether']"
dd14a222d0d516266debe1c487e32ad13c105291,"['lopinavir', 'oxygen', 'tic', 'remdesivir', 'creatinine', 'pain', 'nitrogen', 'respiratory distress', 'fatigue', 'nausea and vomiting', 'myalgia', 'urea', 'headache', 'cough', 'middle east respiratory syndrome', 'nr', 'severe acute respiratory syndrome', 'ether', 'abdominal pain']"
14b60a25791d523218d16573129f3c7e317b7f37,"['influenza', 'tic', 'myalgia', 'cough', 'pica']"
052bf4fb7deaf593862991af3b118b5f11a9fbe1,"['tic', 'pain', 'rigi', 'pica']"
1f783a5e029f80516169b19fe6e0dacc1e171f87,"['influenza', 'transcription', 'tic', 'rigi', 'human metapneumovirus', 'nr', 'ether']"
f980ac0bd33ad15064a2a690a2c35fbe4cce0758,"['tic', 'respiratory distress', 'ethanol', 'paraformaldehyde', 'water', 'formaldehyde']"
c124701d09545e0117cca7a3a5f449584223899f,"['doxycycline', 'transcription', 'maltose', 'leucine', 'carbon dioxide', 'tic', 'malt', 'ticarcillin', 'nitrogen', 'histidine', 'ethanol', 'urea', 'serine', 'arginine', 'scra', 'helicobacter pylori', 'escherichia coli', 'staphylococcus aureus', 'rigi', 'agar', 'dextrose', 'thc', 'orf', 'tetracycline', 'aved', 'nr', 'gentamicin', 'ether']"
f99cb5d12a8de00c772ca8af371cf9c2800c6eb7,"['tic', 'histidine', 'water', 'sodium chloride']"
267729947ca478946d5a4bffb8e13d50c3545120,"['pam', 'influenza', 'transcription', 'respiratory syncytial virus', 'tic', 'influenza a virus', 'rigi', 'agar', 'orf']"
4eb8b7fd0032816e4a29d65b06939266d6446624,"['doxycycline', 'transcription', 'cox', 'tic', 'lime', 'clozapine', 'calcium', 'xylazine', 'mineral oil', 'water', 'rigi', 'ketamine', 'aved', 'nr', 'helium', 'ether', 'glucose', 'eugenol']"
6197b0f53a6a883f99c2602a89309b8b2f27da92,"['transcription', 'tic', 'fatigue', 'myalgia', 'cough', 'middle east respiratory syndrome', 'pica', 'severe acute respiratory syndrome', 'ether']"
4f392ef1aa2234dda52ab8e6540f275322a20697,"['rosin', 'cox', 'imatinib', 'tic', 'common cold', 'monkeypox', 'middle east respiratory syndrome coronavirus', 'tyrosine', 'chronic myeloid leukemia', 'middle east respiratory syndrome', 'vaccinia', 'aved', 'nr', 'severe acute respiratory syndrome', 'ether']"
ab1692d56f32fdb0922e5f323f6ca385fb1e0808,"['wine', 'influenza', 'tic', 'rigi', 'agar', 'sucrose', 'adenovirus', 'orf', 'severe acute respiratory syndrome', 'ether']"
3a81dbb6350d25798f401c332abcf1b49616ffef,"['ganetespib', 'tic', 'rupintrivir', 'adenosine', 'pica']"
bf3f1752cf136693453f34b968adcbae605fc38b,"['influenza', 'tic', 'rigi', 'ether']"
90e28ff462882ca7a9329beb879f73c2e99430e4,"['trichloroacetic acid', 'tic', 'retinitis pigmentosa', 'lime', 'calcium', 'purpura', 'phenol', 'dibucaine', 'ethanol', 'paraformaldehyde', 'urea', 'primary ciliary dyskinesia', 'van der woude syndrome', 'water', 'puromycin', 'rigi', 'formaldehyde', 'sucrose', 'thc', 'pica', 'hh', 'orf', 'nr', 'acetone', 'chloroacetic acid', 'ether', 'nitric oxide', 'lysine']"
1bc928c126baef64be469601079a02b280aacfb1,"['tic', 'thc']"
342780055531d5be27aa2616b4e0d1f43e0ba956,"['influenza', 'transcription', 'respiratory syncytial virus', 'tic', 'fits', 'ether']"
86a52a8065bb8969d5ffc56263beeeeccd57e293,"['tuberculosis', 'tic', 'hepatitis b', 'fatigue', 'cough', 'pica', 'severe acute respiratory syndrome', 'ether']"
1f085bca0cd4b465002fff0b10716c4aa8d319f3,"['tic', 'cough', 'thc']"
bd8f57ea4aadeda075d557f566a1909d68e658c4,"['influenza', 'transcription', 'tic', 'phenol', 'mineral oil', 'water', 'rigi', 'zika virus', 'agar', 'orf', 'severe acute respiratory syndrome', 'ether']"
bdfe90336091a24dd75c44257b4707a4a903d22b,"['oxygen', 'tic', 'ifn', 'respiratory distress', 'hypotension', 'urea', 'tnf', 'tocilizumab', 'angiotensin ii', 'nr', 'severe acute respiratory syndrome', 'ether']"
a726e1844e86c7c17b8b4461dd4c29ad3094c792,"['tic', 'middle east respiratory syndrome', 'severe acute respiratory syndrome', 'ether']"
f172175615d00fd8aef97db204fc8f23e56aef34,"['erk', 'tic', 'pectin', 'falls', 'rigi', 'ether']"
b579c3547bba2a33057373d57b7c05f37dd4cfc3,"['tic', 'acetylcysteine', 'rigi', 'middle east respiratory syndrome', 'lcysteine', 'nr', 'severe acute respiratory syndrome']"
22050361f4804b78eff485fb99a7dfa42a0438ec,"['tic', 'ether']"
447c606a4b4aeb4c066160c4243666695258c80f,"['tic', 'fits', 'rigi', 'cholera']"
0fa14715bed171a363a291bb3fea00a3399937f5,"['wine', 'influenza', 'insomnia', 'tic', 'etl', 'falls', 'rash', 'cough', 'nr', 'ether']"
22f3be8bbf6d792549b7a6088df7440e425cb34f,"['secretin', 'tic', 'respiratory distress', 'chemokine', 'cough', 'diarrhoea', 'severe acute respiratory syndrome', 'helium', 'ether']"
d0d10611a709d94b1c136fbef782a31e2cd8c3ba,"['erk', 'transcription', 'human immunodeficiency virus type 1', 'tic', 'neomycin', 'falls', 'streptomycin', 'agar', 'pica', 'nr', 'fluorescein', 'ether', 'elm']"
c619d9cc71c9e67848950e6c8a54f23ded88247c,"['erk', 'tic', 'nr']"
f3ff1ecae96700f41b83d2a034a3a959428388b0,"['thyroid', 'tuberculosis', 'tic', 'ifn', 'hepatitis b', 'fatigue', 'asthma', 'myalgia', 'coronary artery disease', 'cough', 'pica', 'alanine', 'hyperthyroidism', 'ether']"
70cc2e5152d3dc4d44494124ff556c9bbe9e6f41,"['tic', 'creatinine', 'nitrogen', 'fatigue', 'urea', 'cough', 'angiotensin ii', 'middle east respiratory syndrome', 'ether']"
971c56a72b60994bcd8b483c59acb900dee10afb,"['cox', 'tic', 'azithromycin', 'rigi', 'hydroxychloroquine', 'nr', 'ether', 'chloroquine']"
3c15ba282c7261b3447e3a68a91e1a3b23b6fa3d,"['lopinavir', 'ritonavir', 'oxygen', 'tic', 'cobicistat', 'darunavir', 'oseltamivir', 'myalgia', 'potassium', 'headache', 'cough', 'pica', 'ether', 'chloroquine']"
f6312e7233ad4c0780492db3c05a61abe4fb6b22,"['influenza', 'tic', 'hepatitis c', 'cycloheximide', 'hepatitis c virus', 'middle east respiratory syndrome', 'ammonium chloride', 'aved', 'severe acute respiratory syndrome', 'ether', 'monensin']"
24c5610d5aea11c5216c113e9770184ece0f1ef3,"['tic', 'pain', 'fits', 'rigi', 'thc', 'nr', 'ether']"
ae6fc64042b050df93ebb8f8045892952f18510f,"['measles', 'tic', 'thc']"
0cad40f50e41144e8b64744251515eca8cfac5f7,"['tic', 'nr']"
1f80f32ab88715153f9690b096115e53f2fd6121,"['tic', 'fatigue', 'cough', 'rigi', 'pica', 'severe acute respiratory syndrome', 'ether']"
a0654ca52cd0b70219b60c955a5f1de2094d9a34,"['tic', 'pain', 'pica', 'nr']"
111b9a6e91c938696fcdb4cb128b8ae739dbe11c,"['oxygen', 'tic', 'potassium', 'tnf', 'pica', 'vaginal discharge', 'alanine', 'nr', 'ether', 'endometrial cancer']"
85e0c4e5071189adeb037b757a37f092a8f52145,"['tic', 'thc']"
79622641e002b2574af9dc7f99d4fbbe192606e6,"['influenza', 'tic', 'common cold', 'thc', 'ether', 'elm']"
760481ce5a46e6efa12a80202bbd240dcbefa8fd,"['parainfluenza', 'influenza', 'tic', 'ethanol', 'conjunctivitis', 'water', 'middle east respiratory syndrome', 'adenovirus', 'orf', 'ether']"
1df9ce60e358f6cef0be3f6e15fe2a9c6f93f39c,"['wine', 'influenza', 'valine', 'leucine', 'tic', 'histidine', 'tryptophan', 'influenza a virus', 'methionine', 'rigi', 'orf', 'nr', 'adenine', 'hedgehog']"
9896bc65559e6406d0d3cb35e9b01b953d61959d,"['oxygen', 'tic', 'fits', 'thc']"
39037d14bf47bea9a4721c8f331da9661f18fef5,"['wine', 'influenza', 'alcohol', 'tic', 'common cold', 'limp', 'pain', 'scot', 'falls', 'ethanol', 'ebola virus', 'chlorhexidine', 'cough', 'dengue', 'rigi', 'middle east respiratory syndrome', 'thc', 'pica', 'nr', 'severe acute respiratory syndrome', 'ether']"
cbae7a80e797499aeef7b6e6903c7d6541e6cbf0,"['tic', 'rigi']"
4ce668fe6eee9f59ed5ad0dfc0e9787777acd3be,"['influenza', 'cox', 'tic', 'ifn', 'asthma', 'ethanol', 'chronic obstructive pulmonary disease (copd)', 'cough', 'rhinovirus', 'pica', 'ether', 'glucose']"
78ab35770cc98632c434523df48c6ba290182d37,"['influenza', 'covid19', 'respiratory syncytial virus', 'tic', 'myalgia', 'cough', 'human metapneumovirus', 'rhinovirus']"
e1cb664787f18bc5386196f9a2f09bde64f37926,"['tic', 'thc']"
b801b7f92cff2155d98f0e3404229c67b60e2f9f,"['erk', 'transcription', 'rosin', 'cytidine', 'tic', 'ifn', 'glutathione', 'inosine', 'prostate cancer', 'tyrosine', 'threonine', 'potassium', 'serine', 'methionine', 'puromycin', 'apoptosis', 'adenosine', 'thc', 'orf', 'nr', 'ether', 'elm']"
189ebc4f63c934960c6627e9b4138955ffe12f1d,"['transcription', 'tic', 'ebola virus', 'water', 'rigi', 'zika virus', 'thc', 'nr', 'severe acute respiratory syndrome', 'elm']"
507f31c10039eee488b98373f0df204b06accb95,"['tic', 'pain', 'fits', 'rigi', 'ether']"
d25cc390d0f4b5779b921ab0c7ca32a110430f5d,"['tic', 'pica', 'severe acute respiratory syndrome', 'ether']"
4de2ed1a2bde308480b79b8003dbfb582e57236d,"['tic', 'orf']"
5106e5d53c48917076e3a770453fb61875737ed1,"['tic', 'pain', 'rigidity', 'papain', 'cough', 'rigi', 'chymotrypsin', 'thc', 'pica', 'aved']"
961f12575c277ebd7036617ab77412804de117d5,"['perindopril', 'trandolapril', 'tic', 'enalapril', 'pain', 'imidapril', 'respiratory distress', 'fosinopril', 'quinapril', 'telmisartan', 'losartan', 'valsartan', 'irbesartan', 'myalgia', 'cough', 'captopril', 'ramipril', 'candesartan', 'chest pain', 'diabetes mellitus', 'hh', 'lisinopril', 'ether', 'elm', 'olmesartan']"
9b2e2cdd3730c31a6c5625ceb965cc2a194e550f,"['influenza', 'tic', 'falls', 'rigi', 'thc', 'pica', 'aved', 'nr', 'ether', 'elm']"
073d74442e2655d79b0b3f764a627ec667ad422c,"['tic', 'pica', 'ether']"
b5be10942198c0a79dff8aea2253b77ae2401882,"['oxygen', 'tic', 'moxifloxacin', 'respiratory distress', 'ofloxacin', 'methylprednisolone', 'levofloxacin', 'cough', 'prednisolone', 'tnf', 'rigi', 'gastrointestinal bleeding', 'nr', 'severe acute respiratory syndrome', 'ether', 'glucose', 'elm']"
110b4b089bd757bd54587c2ab3262a374462c098,"['oxygen', 'leucine', 'carbon dioxide', 'tic', 'xylose', 'isoleucine', 'fits', 'glycine', 'fructose', 'escherichia coli', 'water', 'lactose', 'ether', 'glucose']"
7221cb14c12070a78e4ee5abe9484c40289fceea,"['influenza', 'tic', 'avian influenza', 'rigi', 'aved']"
5241581d168b90832f88103bd40c8db2d843a6ea,"['lopinavir', 'ritonavir', 'oxygen', 'tic', 'remdesivir', 'fatigue', 'oseltamivir', 'chronic obstructive pulmonary disease (copd)', 'ebola virus', 'myalgia', 'headache', 'coronary artery disease', 'cough', 'conjunctivitis', 'diabetes mellitus', 'nr', 'severe acute respiratory syndrome', 'ether', 'chloroquine', 'ribavirin']"
10a6153b5187c8c61c74afff8f87113422211d27,"['lopinavir', 'ritonavir', 'tic', 'rigi', 'nr', 'ether']"
8efd60926c11d6b0fd83727545775e845f90cbc5,"['tic', 'pain', 'rigi', 'thc', 'ether', 'elm']"
baabfb35a321ea12028160e0d2c1552a2fda2dd5,"['lopinavir', 'ritonavir', 'meropenem', 'covid19', 'oxygen', 'acyclovir', 'tic', 'acetaminophen', 'moxifloxacin', 'hepatitis b', 'ibuprofen', 'oseltamivir', 'ofloxacin', 'fits', 'levofloxacin', 'cough', 'azithromycin', 'water', 'nr', 'severe acute respiratory syndrome', 'ether']"
47b07518dc0f608e53198bb5f8a95caa1c164fe5,"['tic', 'typhoid fever', 'orf']"
cf97c52d865fef1a8e5100a153ff12790e320308,"['covid19', 'tic', 'rigi', 'pica', 'nr', 'ether']"
8f73843e06f6c5fb9130543e68239decc2c33060,"['influenza', 'tic', 'thc', 'nr']"
7e6bd4f9d794f87445f67c9ed9d5699706040fa4,"['glutamine', 'transcription', 'tic', 'lime', 'nystatin', 'uracil', 'streptomycin', 'cycloheximide', 'scra', 'proline', 'rigi', 'pica', 'hh', 'orf', 'aved', 'nr', 'adenine', 'sodium bicarbonate']"
22264c65eb6c14ba96287ba4da536424dd083253,"['influenza', 'tic', 'nr']"
0c376b9146f0dc56b7ad95d7c5f5e3692907fff0,"['tic', 'norovirus', 'rigi', 'ether']"
c748ec10235b6fe808f5800080f36ff432471bbe,"['tic', 'thc', 'elm']"
3200aa28d292e309e61464d1c0cd3d639dd01a74,"['tic', 'norwalk virus', 'hepatitis b', 'hepatitis b virus', 'rigi', 'thc', 'diabetes mellitus', 'ether']"
ac35eeb6eaaf382fe0e123719f7dc409046e5d87,"['influenza', 'tic', 'rigi']"
fd3fc2c49f5cc27e4262261d0c9045911d65cb6e,"['galactose', 'leucine', 'tic', 'tryptophan', 'hepatitis c', 'fits', 'hepatitis c virus', 'agar', 'lactose', 'ether']"
bad4192bbc6d41c066bc947eaeeafc53024c98be,"['transcription', 'cytidine', 'tic', 'inosine', 'uracil', 'adenosine', 'pica', 'orf', 'nr', 'adenine', 'ether']"
17e5527defb9efc3bcd2e23b0d491cbc9be93670,"['influenza', 'oxygen', 'tic', 'thc', 'pica', 'aved', 'ether', 'pneumothorax', 'elm']"
8ffb4049068ac9a65a1c8d1f2dbde549366a7549,"['tic', 'pica', 'aved', 'ether']"
9cfdce851951c817101b36f7b292e744906474c4,"['tremor', 'influenza', 'nipah virus', 'trihexyphenidyl', 'eldelumab', 'dysphasia', 'tic', 'myoclonus', 'saquinavir', 'favipiravir', 'respiratory distress', 'zidovudine', 'ulcerative colitis', 'dysarthria', 'vidarabine', 'chemokine', 'cxcr', 'propranolol', 'moroxydine', 'zalcitabine', 'ganciclovir', 'nr', 'beclometasone', 'ribavirin']"
15bad8368522a05f32dee771e5a8259f0e9cbbfd,"['tic', 'rigidity', 'fits', 'plague', 'water', 'rigi', 'aved', 'helium', 'ether']"
aa39060dd0beadfb943a6bb80c5c7d56214108e0,"['influenza', 'tic', 'ifn', 'cystic fibrosis', 'digitoxin', 'chemokine', 'ethanol', 'tnf', 'tgfb']"
12920263b2846c61d6f2b6105189367a8ff1bc39,"['tic', 'ivermectin', 'water', 'rigi', 'nr']"
a6cba8f9a9f89a08bb87e30a209389c9f1ca8c3d,"['tic', 'nitrogen', 'paraformaldehyde', 'formaldehyde', 'sucrose']"
7dd547f2db271b15f7ba1ea69583ec5d2b38ef27,"['transcription', 'tic', 'water', 'rigi', 'orf', 'severe acute respiratory syndrome']"
9af0b8e13e1e5ac714135dca8ba6d5216966066b,"['lysozyme', 'transcription', 'wheat', 'notch', 'tic', 'xylose', 'pectin', 'lime', 'paraformaldehyde', 'cell cycle', 'scra', 'proline', 'rigi', 'formaldehyde', 'sucrose', 'lactose', 'thc', 'pica', 'spectinomycin', 'ampicillin', 'ether', 'elm']"
26cc3f38f54d8bb124682d382d7b5ffa4df0a257,"['paraffin', 'prednisone', 'cox', 'oxygen', 'glucosamine', 'tic', 'glutathione', 'moxifloxacin', 'respiratory distress', 'gelatin', 'venezuelan equine encephalitis', 'aids', 'calcium', 'chemokine', 'methylprednisolone', 'paraformaldehyde', 'aprotinin', 'serine', 'arginine', 'cough', 'human serum albumin', 'prednisolone', 'sodium fluoride', 'rigi', 'middle east respiratory syndrome', 'formaldehyde', 'agar', 'complement activation', 'thc', 'pica', 'pepstatin', 'adenovirus', 'disseminated intravascular coagulation', 'vaccinia', 'nr', 'severe acute respiratory syndrome', 'ether']"
f86ef140da26b6c9c8382d18162376a11a902be5,"['tic', 'urea', 'rigi', 'thc', 'nr', 'elm']"
402041df2d9812dbcdae08153d0350eee170eea9,"['pam', 'erk', 'tic', 'ethanol', 'serine', 'tetanus', 'orf', 'aved', 'ether']"
35ac99bfeb665ce0a2ae361dba1161e69eb8b7d5,"['wine', 'influenza', 'tic', 'pectin', 'stomatitis', 'echovirus', 'poliomyelitis', 'fits', 'dengue', 'agar', 'cefotaxime', 'aved', 'nr']"
58f8e789cec67e7bb6323e5d2997c2c1b390a3a3,"['tic', 'severe acute respiratory syndrome']"
2cc5ef9c7ebf3a61a39fa61425dc40f967f33fe1,"['tic', 'ahr', 'cough']"
fbda9162de4c4a881b118dd140f1e976902df15e,"['oxygen', 'tic', 'creatinine', 'nitrogen', 'respiratory distress', 'potassium', 'urea', 'water']"
6502ec8499162886322b81f183705d278044d7d5,"['transcription', 'tic', 'aved', 'nr', 'gout', 'ether']"
c15f8c23eedbedf8d48bbc88b8225ae9c9d234bf,"['rosin', 'oxygen', 'tic', 'pain', 'nitrogen', 'histidine', 'uracil', 'middle east respiratory syndrome coronavirus', 'tyrosine', 'calcium', 'threonine', 'ethanol', 'papain', 'serine', 'arginine', 'water', 'rigi', 'middle east respiratory syndrome', 'thc', 'orf', 'calcium acetate', 'severe acute respiratory syndrome', 'ampicillin', 'ether', 'glucose', 'lysine']"
3f94a25f0d8857e8308080bd8ab2dbcc8905604e,"['covid19', 'tic', 'pain']"
20ad63c451320613d188d79179a9a65949da50f7,"['tic', 'remdesivir', 'nitrogen', 'ethanol', 'arginine', 'escherichia coli', 'water', 'middle east respiratory syndrome', 'zika virus', 'thc', 'pica', 'severe acute respiratory syndrome', 'ether', 'glucose', 'elm']"
a9c98dc9001a93b57599a06a1145df12751ccad6,"['tic', 'cough', 'pica', 'severe acute respiratory syndrome', 'elm']"
4609a2dd3568a7241548b7303e0d836e33d4d5ca,"['influenza', 'transcription', 'oxygen', 'secretin', 'tic', 'remdesivir', 'ifn', 'rheumatoid arthritis', 'pain', 'respiratory distress', 'fatigue', 'juvenile idiopathic arthritis', 'rheumatoid', 'cough', 'tnf', 'tocilizumab', 'apoptosis', 'rigi', 'severe acute respiratory syndrome', 'ether']"
73998a3f565b661816d48aa7c20fa5ae617864d5,"['tic', 'colorectal cancer', 'middle east respiratory syndrome coronavirus', 'angiotensin ii', 'middle east respiratory syndrome', 'nr', 'severe acute respiratory syndrome', 'helium', 'ether']"
bb97f90ff5bfd41f2f1148c5cbdb257fdba535df,"['influenza', 'transcription', 'tuberculosis', 'tic', 'pain', 'cough', 'rigi', 'orf', 'severe acute respiratory syndrome', 'hedgehog']"
d91120d80916351170b34715ea4ab141f02c51fb,"['lysozyme', 'transcription', 'rosin', 'leucine', 'tic', 'histidine', 'tyrosine', 'serine', 'arginine', 'methionine', 'vibrio cholerae', 'escherichia coli', 'staphylococcus aureus', 'water', 'rigi', 'orf', 'ether', 'cholera']"
a09c1ad0f05bbcc256cd667ad7411e6690134370,"['transcription', 'tic', 'thc', 'severe acute respiratory syndrome']"
3fac0b7a9917984764a77f7fcb327e820e770d1b,"['tic', 'pectin', 'ethanol', 'proteus', 'water', 'rigi', 'pica', 'nr']"
7fdd33661d188e3ea250e99f2752d705b5467ef9,"['influenza', 'tic', 'hepatitis c', 'pica', 'ether']"
33565294e6bc67fb7ee14dcae6cfdb08148f4ea5,"['erk', 'tic', 'aedes mosquito', 'scot', 'rubella', 'dengue', 'malaria', 'water', 'other ras']"
1b9ab8207b230567a44753b4596666e28b4d800b,"['wine', 'influenza', 'tic', 'pectin', 'aids', 'hepatitis b', 'hepatitis c', 'avian influenza', 'ebola virus', 'viral hepatitis', 'dengue', 'thc', 'pica', 'aved', 'nr', 'ether', 'elm']"
1abe3c5914935bc2cca7e5530d08718d4fc8b6c8,"['transcription', 'magnesium chloride', 'cytidine', 'tic', 'remdesivir', 'pain', 'favipiravir', 'ticks', 'urea', 'serine', 'methionine', 'water', 'adenosine', 'thc', 'sodium chloride', 'hh', 'severe acute respiratory syndrome', 'ether', 'ribavirin']"
88e3b43319399c339186c02c44d369228c35eef4,"['erk', 'transcription', 'leucine', 'tic', 'human cytomegalovirus', 'apoptosis', 'cytomegalovirus', 'telomerase activity', 'aved', 'diphtheria', 'ether']"
28f17b361e71ccb78a3d4fe5fb9ebbe80f3f4f5f,"['tic', 'finnish', 'hiv infection', 'malaria', 'pica', 'alanine', 'nr', 'ether', 'lysine']"
f5d9ab798adf8face1655d476644ebb75fbfef18,"['transcription', 'tic', 'ibd', 'respiratory distress', 'ulcerative colitis', 'inflammatory bowel disease', 'valsartan', 'rivaroxaban', 'chronic obstructive pulmonary disease (copd)', 'angiotensin ii', 'complement activation', 'sacubitril', 'nr']"
f2fe314b042c723bfefde68185f25091cee87dec,"['tic', 'respiratory distress', 'threonine', 'asparagine', 'water', 'orf', 'ether']"
3fd7868a52df3ae502c64a8318f45eb38a483913,"['tuberculosis', 'oxygen', 'tic', 'common cold', 'fatigue', 'myalgia', 'cough', 'rigi', 'middle east respiratory syndrome', 'aved', 'severe acute respiratory syndrome']"
7207df5b61e93fa5a2b6e720c91aed05270e81be,"['influenza', 'cmn', 'transcription', 'tic', 'butane', 'influenza a virus', 'middle east respiratory syndrome coronavirus', 'ethanol', 'sodium iodide', 'dengue', 'middle east respiratory syndrome', 'zika virus', 'sodium chloride', 'nr', 'fluorescein', 'ether']"
46c7ed81d14f8053b5cf8623e2848125b6bdd3a1,"['covid19', 'tic', 'common cold', 'serine', 'dengue', 'rigi', 'middle east respiratory syndrome', 'pica', 'orf', 'vaccinia', 'nr', 'severe acute respiratory syndrome', 'ether']"
58fd342d5c70641bd4e72aa822f0e532c0127ca3,"['influenza', 'transcription', 'tic', 'ifn', 'chemokine', 'malaria', 'rigi', 'hh', 'orf', 'severe acute respiratory syndrome', 'ether']"
d499f33ea55c7fcd20b832a32db86e57dcce97e3,"['smallpox', 'tic', 'falls', 'plague', 'urea', 'cough', 'rigi', 'thc', 'pica', 'ether', 'elm']"
95eb583d0840350cb9f7b6ed6f6601158a9fa6b1,"['tic', 'creatinine', 'potassium', 'thrombocytopenia', 'lactose', 'ether']"
9172627d76e007ee80e252c0b40204be0d9f09a2,"['influenza', 'tic', 'hiv infection', 'apoptosis', 'nr', 'severe acute respiratory syndrome']"
18dc6a67045d2687d2b5c11c85797f42824ed243,"['influenza', 'tic', 'avian influenza', 'rigi', 'orf', 'severe acute respiratory syndrome']"
cb346b64e20934bc01f7727cf51494b22f172de0,"['pam', 'dexmedetomidine', 'propofol', 'tic', 'tiletamine', 'atipamezole', 'hypotension', 'alfaxalone', 'detomidine', 'fits', 'medetomidine', 'polyuria', 'toxoplasmosis', 'isoflurane', 'arginine', 'buprenorphine', 'vasopressin', 'water', 'butorphanol', 'ketamine', 'ether']"
c8626262fa06c833da3a8dc15c2d4ca42ddc34f7,"['parainfluenza', 'influenza', 'tic', 'avian influenza', 'dengue', 'rigi', 'adenovirus', 'ether']"
c42a617a00afe6a36bde0a8e3638e0f55bfee4f7,"['tic', 'pectin', 'rigi', 'pica', 'elm']"
656ef218f7dcea5555a59cdc29d0f9ec8d5c2a82,"['wine', 'transcription', 'tic', 'ifn', 'weight loss', 'type i ifn', 'apoptosis', 'adenovirus', 'nr', 'ether']"
35d36c0a736ae7ca642a8badd24bf4d9be3ca613,"['prednisone', 'lopinavir', 'umifenovir', 'ritonavir', 'oxygen', 'tic', 'remdesivir', 'stomatitis', 'vancomycin', 'cefepime', 'darunavir', 'hyperbilirubinemia', 'middle east respiratory syndrome coronavirus', 'oseltamivir', 'hydrocortisone', 'atrial fibrillation', 'cortisone', 'prednisolone', 'middle east respiratory syndrome', 'thc', 'severe acute respiratory syndrome', 'ribavirin']"
522da4df2c31909547ac81763ad28d318fdb88e6,"['tic', 'ether']"
26d4b8477cbf9322d92147d863f7d318a71c76da,"['tic', 'thc']"
d485fce0c7ad92a1e1606eb81043bf9e12714562,"['influenza', 'tic', 'pica', 'ether']"
6fb1369d5d970a705b05d9d6daf04dc02b8eb3a3,"['cox', 'tic', 'ahr', 'pain', 'falls', 'talc', 'nr', 'ether', 'elm']"
523e5aa79d3872b88747a191cff6980d556510e6,"['tic', 'hh', 'nr']"
6cf87a546884756094da0d300e85a061c2cc43ea,"['lopinavir', 'ritonavir', 'tic', 'rhinorrhoea', 'respiratory distress', 'oseltamivir', 'cough', 'rigi', 'pica', 'alanine', 'ether', 'ribavirin']"
c10661c9b35e068691b879661bcebeba3bd6aad9,"['influenza', 'bacterial conjunctivitis', 'tic', 'rubella', 'fatigue', 'nausea and vomiting', 'headache', 'cough', 'scra', 'conjunctivitis', 'water', 'diarrhoea', 'ganciclovir', 'severe acute respiratory syndrome', 'helium']"
537009c0181c3269f40753f75ddca4d17ae8abae,"['tic', 'urea', 'ether']"
2c42259de43ed741d00bd6daf410c9539fd0472a,"['transcription', 'tic', 'remdesivir', 'ether']"
620d69e419e3c8756de8bf96d86f6bf0de7ed919,"['transcription', 'tic', 'ifn', 'semliki forest virus', 'acute encephalitis', 'chemokine', 'cxcr', 'paraformaldehyde', 'japanese encephalitis', 'isoflurane', 'herpes simplex virus 1', 'tnf', 'water', 'herpes simplex', 'formaldehyde', 'agar', 'pica', 'nr', 'ether', 'pilocarpine']"
3d5093a8e079fb17262111e5ef94bf01a3007971,"['tic', 'pain', 'ivermectin', 'rigi', 'pica', 'elm', 'strongyloidiasis']"
d4e1b8705646c89433773a9f67bdb8c12fcf4cef,"['pam', 'influenza', 'melanoma', 'erk', 'transcription', 'tic', 'stomatitis', 'venezuelan equine encephalitis', 'prostate cancer', 'influenza a virus', 'marburg virus', 'streptomycin', 'paraformaldehyde', 'ebola virus', 'potassium', 'glycine', 'puromycin', 'rigi', 'formaldehyde', 'agar', 'sucrose', 'ether', 'rift valley fever', 'elm']"
6f53b9dff58818839c45410d11b58f0f3e327d8a,"['influenza', 'tic', 'adenovirus', 'severe acute respiratory syndrome', 'caramel']"
04030bba3035a58c7725ae267973206f6eb6c0b4,"['transcription', 'tic', 'water', 'orf']"
7ea2f1ca7b3c2370d413ae990eb71b2b990c91fe,"['cox', 'tic', 'fluphenazine', 'calcium', 'fluconazole', 'fluoxetine', 'candidiasis', 'sertraline', 'ether']"
3f401643493c879fb1660830d890a694206d6a1b,"['influenza', 'tic', 'cough', 'rigi', 'orf', 'nr', 'ether']"
378af53cf1a72cccd0352ef871eea73682ef55a7,"['tic', 'rigi', 'thc', 'ether']"
d34a47b592e9c6e84b5b4115474349acbc0fb925,"['tic', 'rigi', 'pica']"
66547ae18d15805ce94846813fe6fd755afe2bcf,"['tic', 'rigi']"
4a24fcf8d2a7c69aef247ea12a740145daf68407,"['parainfluenza', 'influenza', 'measles', 'respiratory syncytial virus', 'tic', 'enterovirus infection', 'varicella', 'rubella', 'echovirus', 'mumps', 'asthma', 'herpes simplex virus 1', 'norovirus', 'herpes simplex', 'rigi', 'astrovirus', 'zika virus', 'rhinovirus', 'cytomegalovirus', 'cervical cancer', 'pica', 'adenovirus', 'hh', 'orf', 'ganciclovir', 'nr', 'ether']"
7d3dcbbc2b0741fc544693d7b3fc185f0bd50eac,"['tic', 'pain', 'thc', 'elm']"
b5e1d36298a78690140d5ccb9673dbd48a0ddcd3,"['glutamine', 'tlr', 'transcription', 'rosin', 'tic', 'pectin', 'nitrogen', 'histidine', 'tyrosine', 'streptomycin', 'cycloheximide', 'proline', 'rigi', 'orf', 'nr', 'severe acute respiratory syndrome', 'ether']"
03813d8657ba43ea382788caec2d14257b26d8fd,"['covid19', 'tic', 'pectin', 'pain', 'urea', 'cough', 'conjunctivitis', 'pica', 'ether']"
55e0d20b6cc56c2cdc131e1dcc51f752575cf532,"['transcription', 'tic', 'cell cycle', 'apoptosis', 'aved', 'nr', 'biotin', 'ether', 'elm']"
208982a3db63c37bcf489bbaa8d6e9ad2116f491,"['tic', 'water', 'rigi', 'pica', 'ether']"
9ad252c633b7596a4b64ca9f1699a0db5ce99c05,"['influenza', 'lopinavir', 'methylene blue', 'ritonavir', 'oxygen', 'tic', 'remdesivir', 'pain', 'respiratory distress', 'peramivir', 'fits', 'methylprednisolone', 'ebola virus', 'nausea and vomiting', 'headache', 'cough', 'dengue', 'sodium citrate', 'prednisolone', 'tnf', 'chest pain', 'thc', 'alanine', 'nr', 'severe acute respiratory syndrome', 'ribavirin']"
daf507bcd9337e05d4bdc3da73e05639837f2031,"['pam', 'tlr', 'erk', 'cox', 'tic', 'ahr', 'neomycin', 'asthma', 'streptomycin', 'paraformaldehyde', 'obesity', 'tnf', 'water', 'choline', 'formaldehyde', 'thc', 'pancuronium bromide', 'nr', 'biotin', 'ether', 'nitric oxide']"
40323daf0c18d12224d0add69d7939507eeed5c8,"['covid19', 'tic', 'fits', 'rigi', 'thc', 'ether', 'elm']"
363bfe1af3cb9b684a80849c0be69e1e2478c421,"['tuberculosis', 'tic', 'pain', 'bcg vaccine', 'bcg', 'pica', 'ether']"
0a8bbc12b819d6589d7ac352aa393bcf6a483f32,"['tic', 'finnish', 'pain', 'fits', 'rigi', 'thc', 'pica', 'ether', 'elm']"
97e0efc17b5a10c75f7c83b08423d27585a31df5,"['oxygen', 'tic', 'ifn', 'respiratory distress', 'nlr', 'tnf', 'tocilizumab', 'thc', 'severe acute respiratory syndrome', 'ether']"
d47377d0da60ea7aab2522c204ad65753b0545fe,"['parainfluenza', 'influenza', 'respiratory syncytial virus', 'tic', 'influenza a virus', 'asthma', 'allergic rhinitis', 'rigi', 'human metapneumovirus', 'rhinovirus', 'adenovirus', 'nr', 'ether']"
a2d1730bcfc816f1a5f524e7974cbaaa83e58d0b,"['influenza', 'tic', 'pain', 'fatigue', 'myalgia', 'headache', 'cough', 'thc', 'ether']"
3298d34e643c7a157f4226fde679f71194e417b5,"['tic', 'fits', 'rigi', 'ether']"
24cbb530b13194a5af02a3e537fb02b7f3963e8a,"['tic', 'pain', 'rigi']"
f3b3d8711d03bd36a685c282b7a83a37f874fd9c,"['cox', 'tic', 'rigi', 'nr', 'ether']"
4b1a08339bb5508f830e09f1a2c3a8022526cce0,"['tlr', 'erk', 'interferon beta', 'anaphylaxis', 'oxygen', 'tic', 'ifn', 'calcium', 'asthma', 'cough', 'tnf', 'tgfb', 'rhinovirus', 'nr', 'streptococcus pneumoniae', 'ether']"
8afad402583583c1a2e674f52f332765fc804751,"['tlr', 'transcription', 'tic', 'chemokine', 'fits', 'cough', 'tnf', 'hydroxychloroquine', 'nr', 'ether', 'cholesterol', 'chloroquine']"
91233a0c35364955d1fdbf2f980f7220f9bafc70,"['tic', 'fits', 'rhinovirus', 'orf']"
c04e10858012bdd666d50c0d69c3d1e7224ccbea,"['pam', 'influenza', 'lysozyme', 'transcription', 'tic', 'dopamine', 'paraformaldehyde', 'vitamin a', 'glycine', 'serine', 'dengue', 'rigi', 'formaldehyde', 'adenosine', 'aved', 'nr', 'adenine', 'ether', 'koi']"
a6e5c7919fa1f35244c27ef7e31f6b5817211b66,"['influenza', 'tic', 'serine', 'rigi', 'astrovirus', 'chymotrypsin', 'hh', 'nr', 'ether']"
08911cdc65e71e6398ca79b46806e6c8b2b730ae,"['erk', 'transcription', 'cytidine', 'tic', 'ifn', 'glutathione', 'erythema', 'ether']"
271f18c5c92c3ad0e14e1e1259290d91e22ec379,"['influenza', 'tic', 'aids', 'fits', 'rigi', 'thc', 'pica', 'aved', 'nr', 'elm']"
7f2df2e8a86da5ade48cd1e7d2a6829e93c2993b,"['transcription', 'rosin', 'tic', 'remdesivir', 'respiratory distress', 'tyrosine', 'chronic obstructive pulmonary disease (copd)', 'dengue', 'zika virus', 'orf', 'nr', 'severe acute respiratory syndrome']"
e4f66cfdaf836895e7d37941223f11ebc41dbb57,"['transcription', 'oxygen', 'tic', 'ether']"
ce1846f38b54b0309a8b0c7d063f5fcd2f82a473,"['influenza', 'transcription', 'tic', 'pica', 'orf']"
aeb0c3a2994cf6075961a930c84245563aedea3e,"['tic', 'common cold', 'fits', 'rigi', 'thc', 'nr', 'ether', 'elm']"
c7f56ac99072a397fddf17d3f1d2e34d4146edbe,"['influenza', 'tic', 'middle east respiratory syndrome coronavirus', 'water', 'middle east respiratory syndrome', 'orf', 'severe acute respiratory syndrome', 'ether']"
b9ddd16e293b67a223952d835d14b573a41a478d,"['influenza', 'tic', 'remdesivir', 'thrombin', 'ethanol', 'paraformaldehyde', 'glycine', 'dengue', 'scra', 'water', 'middle east respiratory syndrome', 'formaldehyde', 'nr', 'biotin', 'severe acute respiratory syndrome', 'ammonium sulfate', 'chloroquine']"
dc59dbf2e17edee77903ae749a24a4511024ea05,"['influenza', 'oxygen', 'tic', 'pain', 'falls', 'thc', 'ether', 'elm']"
c013fb6790e1ca21d720911ee61532a0cd57408c,"['covid19', 'tic', 'fits', 'rigi', 'ether']"
d418cdee18b07a0adfb553d43b4a08f7736fa9f3,"['transcription', 'respiratory syncytial virus', 'cox', 'tic', 'malt', 'vancomycin', 'pain', 'respiratory distress', 'cefepime', 'human papilloma virus', 'cough', 'streptococcus mitis', 'stenotrophomonas maltophilia', 'coronavirus 229e, human', 'water', 'prevotella', 'human metapneumovirus', 'tobramycin', 'chest pain', 'rhinovirus', 'cytomegalovirus', 'torque teno virus', 'pica', 'hh', 'nr', 'ether']"
e61dd8a7addd84638a93035fa87b4c88015784ac,"['tic', 'fits', 'rigi', 'aved', 'nr', 'ether']"
7b9e74201824157c69d4989779b00ded3caa2dba,"['tic', 'hepatocellular carcinoma', 'cystic fibrosis', 'middle east respiratory syndrome coronavirus', 'serine', 'middle east respiratory syndrome', 'alanine', 'nr', 'ether']"
d49f8ba7212183bc1b7f2cb6dd709dd197303b3d,['tic']
6955c93d7ccc8424d38e8fed7346e7d1a52b9422,"['tic', 'pain', 'fits', 'rigi', 'thc', 'nr']"
a6d2875c8b70a41ea815511417546a0689816964,"['influenza', 'tic', 'pain', 'rigi', 'nr', 'ether']"
bca15ad98e1d08c6a62c9c0486de84bc15a9f661,"['tic', 'cough', 'middle east respiratory syndrome', 'alanine', 'severe acute respiratory syndrome', 'ether']"
05d47dd5b46f86428de058db4ecc8bca76a9ad16,"['influenza', 'tic', 'remdesivir', 'influenza a virus', 'marburg virus', 'oseltamivir', 'fits', 'paraformaldehyde', 'puromycin', 'middle east respiratory syndrome', 'formaldehyde', 'pica', 'orf', 'severe acute respiratory syndrome', 'ether']"
138d4617f4f4984bec9cf2c7540fed533d9e4d6e,"['influenza', 'tic', 'fits', 'avian influenza', 'ebola virus', 'rigi', 'middle east respiratory syndrome', 'rhinovirus', 'thc', 'adenovirus', 'hh', 'nr', 'ether']"
c6ec1380338cb2467dc6fc14add09ca5bea18411,"['tegobuvir', 'bictegravir', 'tic', 'water', 'rigi', 'nelfinavir', 'orf', 'nr', 'prulifloxacin']"
653908266458cee18030948824399fefea36d8da,"['tic', 'pain', 'fits', 'rigi', 'pica', 'nr']"
228edf7f7e53e88e246fc77b7b7664ac35d7278e,"['tic', 'water', 'ether', 'rabies']"
ef9f4f02eeda0588fee700e5aff8fcdcba3d7877,"['influenza', 'tic', 'falls', 'cough', 'pica', 'nr', 'ether']"
558d318e1655da9f5e9507ccf24fc773a0d377ff,"['pam', 'bipolar disorder', 'erk', 'transcription', 'insulin', 'pioglitazone', 'valproic acid', 'tic', 'troglitazone', 'dopamine', 'pain', 'oxidative phosphorylation', 'hepatitis b', 'fluphenazine', 'threonine', 'pi3k', 'phenol', 'ethanol', 'glycogen storage disease', 'morphine', 'glutamic acid', 'cocaine', 'cell cycle', 'serine', 'genistein', 'wnt', 'thioridazine', 'fructose', 'schizophrenia', 'water', 'apoptosis', 'rigi', 'glucocorticoid receptor', 'glycolysis', 'pica', 'olanzapine', 'nr', 'adenine', 'autism', 'risperidone', 'trifluoperazine', 'ether', 'nitric oxide', 'glucose', 'lysine', 'mapk']"
672ca9b6e50e26c49fc7be2ef3b4f685badf9db1,"['tic', 'fits']"
0cb9c296684ca5e71462d825cab2827854a01544,"['glutamine', 'doxycycline', 'transcription', 'tic', 'streptomycin', 'facioscapulohumeral muscular dystrophy', 'alopecia', 'apoptosis', 'rigi', 'pica', 'ether', 'glucose']"
3d690de86ca6e200f4f9cac61b004e47ad753aae,"['pam', 'transcription', 'interferon beta', 'tic', 'aspartic acid', 'ifn', 'uracil', 'fluorouracil', 'rigi', 'alanine', 'fluorescein', 'ether']"
2afff5fe89a3e3ec270a41c2b929dfeec68d7d50,"['tic', 'rigi', 'middle east respiratory syndrome', 'severe acute respiratory syndrome', 'ether']"
32c2e402c3c88c3024a4dec3d78ba67c24f89ca6,"['tic', 'ifn', 'rash', 'fits', 'water', 'rigi', 'agar', 'pica']"
ee08f571d5b32d1636159134fc3049a1b9792a45,"['oxygen', 'tic', 'respiratory distress', 'aldosterone', 'hyperlipidemia', 'angiotensin ii', 'severe acute respiratory syndrome']"
3a6544f6f247366d4c12167f7fba743e9d981c63,['tic']
46c5f4a01496ab4fe89b1dfba7b7f94445766640,"['cox', 'tic', 'middle east respiratory syndrome coronavirus', 'middle east respiratory syndrome', 'thc', 'severe acute respiratory syndrome', 'ether']"
e6af63ce394cb9c51c04251c99565fd0e6d58c1b,"['oxygen', 'viral myocarditis', 'tic', 'atrial fibrillation', 'pica', 'orf', 'ether']"
ee3aa97a0ad91231296bd0643136c83bb97af88a,"['measles', 'covid19', 'tic', 'pica']"
f17c6ac4986aecba2dc22f67b32f2d16b369117b,"['transcription', 'tic', 'rigi', 'nr', 'severe acute respiratory syndrome', 'ether']"
2fef425f6ba67b76292a3adbd2a1385c0114e1c7,"['tic', 'uracil', 'rigi', 'agar', 'adenine', 'severe acute respiratory syndrome']"
686135083f06748330ae6bcd283556b00ca6925c,"['tic', 'pain', 'asthma', 'cough', 'ether']"
1dbcf165dd450ed080bcea6594ad70dc53c7ba2e,"['paraffin', 'transcription', 'alcohol', 'tic', 'ifn', 'rheumatoid arthritis', 'rheumatoid', 'tnf', 'tocilizumab', 'apoptosis', 'severe acute respiratory syndrome', 'ether', 'elm', 'lysine']"
75e68869f9b65bca661e768402395d9dede6de2c,"['tic', 'nr']"
c8c052d27aaf8015316dcd2644fa5e0b3870cea1,"['influenza', 'tic', 'fits', 'ebola virus', 'hepatitis a', 'thc', 'nr', 'ether']"
461a32146936c2db3491cfe5fe95fbabae4a3d27,"['respiratory syncytial virus', 'oxygen', 'tic', 'chronic obstructive pulmonary disease (copd)', 'rigi', 'middle east respiratory syndrome', 'severe acute respiratory syndrome']"
ca88735399ff43d0e673876200655099f06f5567,"['oxygen', 'tic']"
3763dad4fc93cc04c7bd707a76d18f77acfb02c4,"['tic', 'falls', 'fits', 'thc', 'pica', 'ether', 'elm']"
44b6eea3629b4e13595dc49813ee39a0d20dc5f2,"['influenza', 'measles', 'measles virus', 'tic', 'aids', 'fits', 'cxcr', 'arginine', 'methionine', 'rigi', 'orf', 'ether', 'lysine']"
08826d0596a01a2a482eb6d80edb0e87cddc304e,"['oxygen', 'tic', 'pain', 'respiratory distress', 'thc', 'aved', 'ether', 'elm']"
0ef5e0739164ebee89d33d6fa1294aedf1d6d961,"['tic', 'elm']"
d1696944ff45daaa2f305405c54ba45b16f3c86c,"['weight loss', 'ether']"
3034d4ed2359a4706ff9f5096b1945eaa3b8bd1f,"['influenza', 'zanamivir', 'tic', 'rimantadine', 'amantadine', 'thc', 'nr']"
00eb9220dc8cd351393b6b035323d350f103f8c6,"['tic', 'hallucinations', 'thc', 'pica', 'ether']"
57e01ad2a4961cd5cc6a3733f5f8c013a8946f3c,"['tic', 'thc']"
bacfece4822529a601a4a8df434ef0b0a1b0e96f,"['tic', 'rigi', 'thc', 'pica', 'ether', 'elm']"
ea7cf2347337e379e62c9bf09b2db9b44fb2e812,"['erk', 'transcription', 'tic', 'ifn', 'glutathione', 'scot', 'threonine', 'chemokine', 'serine', 'orf', 'nr', 'ether', 'mapk']"
1ad1d4b84aea4ceaf05c62a1ad04e7150f7f4684,"['influenza', 'doxycycline', 'leptospirosis', 'tic', 'common cold', 'ear pain', 'pain', 'moxifloxacin', 'hiv infection', 'oseltamivir', 'headache', 'cough', 'dengue', 'malaria', 'staphylococcus aureus', 'diarrhoea', 'rhinovirus', 'thc', 'pica', 'nr', 'ether', 'elm']"
81aeb40ef50e0b1bafe21415c9f55e03cd426a05,"['transcription', 'cox', 'oxygen', 'tic', 'respiratory distress', 'fits', 'thc', 'pica', 'nr']"
4e4797b808c48e3b9514b3f598ebcff6a598eddc,"['covid19', 'tic', 'common cold', 'orf', 'severe acute respiratory syndrome', 'ether']"
b1a5096c2bfbb4ab9826c36e3961929a744134ca,"['tic', 'pica', 'nr']"
e4a1c22d6f95b0afb82addf67ca44d7f51756da4,"['doxycycline', 'transcription', 'tic', 'doxycycline hyclate', 'paraformaldehyde', 'puromycin', 'apoptosis', 'rigi', 'formaldehyde', 'pica', 'tetracycline', 'severe acute respiratory syndrome', 'ether']"
f0ed866010f1b18f9e8de529501d2957bd5ca019,"['tic', 'creatinine', 'respiratory distress', 'aldosterone', 'angiotensin ii', 'diabetes mellitus', 'hh', 'severe acute respiratory syndrome', 'ether']"
ea94779ce166bcbf3813ccaab028524ff397089b,"['methylene blue', 'transcription', 'wheat', 'leucine', 'tic', 'glutathione', 'tryptophan', 'uracil', 'phenol', 'cowpox', 'ethanol', 'pronase', 'potassium', 'sodium citrate', 'scra', 'methionine', 'water', 'rigi', 'potassium acetate', 'adenosine', 'agar', 'thc', 'pica', 'orf', 'vaccinia', 'ampicillin', 'ether', 'glucose']"
6e4ab1d957779e65aeee60aeb45a06fd1981e1f0,"['influenza', 'measles', 'hand, foot and mouth disease', 'tic', 'pertussis', 'varicella', 'rubella', 'mumps', 'erythema', 'mycoplasma pneumonia', 'erythema infectiosum', 'herpangina', 'pica', 'foot and mouth disease', 'nr', 'group a streptococcal pharyngitis', 'pharyngoconjunctival fever']"
871466e53b6e81c3c0ce94a39d2d8237df89419a,"['influenza', 'elm']"
93137037ac3f5cbc25549ce22a87fa47bd7e25fc,"['tic', 'rigi', 'ether']"
9e8ef7e668ac39837e3c97fabc400d5ef9f68111,"['glutamine', 'tlr', 'transcription', 'tic', 'ifn', 'rigidity', 'aids', 'arginine', 'scra', 'escherichia coli', 'water', 'rigi', 'pica', 'hh', 'nr', 'ether', 'lysine']"
b07bb8f6466cb60a903182960e1e57f5cdbc7780,"['influenza', 'measles', 'tic', 'ether']"
d7cd60a34d992fbb2ffc8e5de32f29fef23d5e76,"['tic', 'rigi', 'orf', 'ether']"
c8559b6ddd6213bc91524397933bce33aea7d50f,"['smallpox', 'ross river virus', 'tic', 'chikungunya virus', 'aedes mosquito', 'rash', 'ebola virus', 'dengue', 'conjunctivitis', 'zika virus', 'pica', 'nr', 'ether']"
421bcc82fdb461b1b265b0a5d12801f9c15579d6,"['influenza', 'tic', 'pain', 'generalized anxiety disorder', 'thc', 'ether', 'elm']"
691da9d5576aa959e22114a1ebb35548efd276a0,"['tic', 'rigi', 'nr', 'ether']"
8a1fde8c65e439496ac5810504de23ef77312f28,"['tic', 'rigi', 'middle east respiratory syndrome', 'pica', 'orf', 'nr', 'severe acute respiratory syndrome', 'ether', 'hedgehog']"
68a0699074f22efda1d55a5a52d31bcc7c0dbb7b,"['influenza', 'insomnia', 'alcohol', 'tic', 'middle east respiratory syndrome coronavirus', 'rigi', 'middle east respiratory syndrome', 'thc', 'severe acute respiratory syndrome', 'ether']"
3350501191fd08b8b2566ad42fa0b293998be07c,"['tic', 'middle east respiratory syndrome coronavirus', 'rigi', 'middle east respiratory syndrome', 'severe acute respiratory syndrome']"
acd5cb2ba08da5c0f6bc310d74d497d38aa86be2,"['transcription', 'potassium bicarbonate', 'tic', 'ifn', 'ethanol', 'cycloheximide', 'potassium', 'bortezomib', 'scra', 'water', 'rigi', 'ammonium chloride', 'agar', 'sucrose', 'pica', 'adenovirus', 'orf', 'acetone', 'ether', 'chloroquine']"
1eaa329f608055620a57e6273e9d1c409de1e9ee,"['transcription', 'magnesium chloride', 'tic', 'nitrogen', 'sodium acetate', 'ethanol', 'urea', 'arginine', 'methionine', 'proline', 'water', 'rigi', 'sucrose', 'thc', 'pica', 'sodium chloride', 'alanine', 'aved', 'nr', 'acetone', 'ether', 'elm', 'lysine']"
6ef1652c5807d948f5cda6f94084bedede608625,"['covid19', 'tic', 'hepatitis c', 'rigi', 'thc', 'pica', 'nr', 'ether']"
e63ae71c6969c43fbe201c471c3f1bc3edfb7948,"['tic', 'common cold', 'thc', 'nr']"
ce1d3a3103bbd8b5d7164259be03f1d6d3d5d251,"['oxygen', 'tic', 'cough', 'nr']"
0fcd3975664a5658071a8b4bc878539fd5e788bd,"['tic', 'thc', 'pica', 'nr', 'ether']"
3327f57a9d76122184bb565e8ef171d00bbd7d5d,"['influenza', 'tic', 'pain', 'rigi', 'thc', 'severe acute respiratory syndrome']"
7610bfadcd7103cc58c290c3c827a5eb6f9a65b0,"['tic', 'thc', 'nr', 'ether']"
5c9c599cd6c2232e1b77400be0f2b90d4b772030,"['tic', 'fructose', 'pica', 'nr', 'severe acute respiratory syndrome']"
f0cd43222c9a51d619357babc4d0ac984e8e45a0,"['tic', 'ether']"
22a64ef0a092051de373de119d918deb5278cbae,"['tic', 'rigi', 'nr']"
3ddc987158400d3867939d3594da56dd546d6ddd,"['influenza', 'tic', 'ether']"
82a74b12202ef0d7f04b25239d4c18d63c7c4986,"['influenza', 'tic', 'ibuprofen', 'fits']"
c7d7db80090c77b1487fead67a8cc4c89eb37d8a,"['tic', 'serine', 'ether']"
041bae0a6de2b69979d39460b3f2ee8946534ec2,"['tic', 'nr']"
bbba5ff9ab9eccef99a0bbc6ea557a373158bbcd,"['influenza', 'transcription', 'tic', 'ifn', 'respiratory distress', 'calcium', 'chemokine', 'cxcr', 'rigi', 'pica', 'orf', 'nr', 'ether']"
d0a6c04a855281aa153a7615b7fa2458e9b70f62,"['oxygen', 'tic', 'respiratory distress', 'fatigue', 'headache', 'cough', 'thrombocytopenia', 'thc', 'diabetes mellitus', 'nr', 'elm']"
2abcb7b45643a3d768d10e2bb5ff61c742a1a911,"['oxygen', 'tic', 'fits', 'thc', 'nr']"
a7c641688e1032b963ca6efc8b2a96a8310d1623,"['cox', 'tic', 'rigidity', 'hiv infection', 'escherichia coli', 'rigi', 'agar', 'pica', 'ether']"
46634d03aa169aab9c372746ebaf3aaa65d7c7d9,['elm']
2da0a7ba851e53d21dba05042a397eafcdab093d,"['tic', 'ifn', 'weight loss', 'middle east respiratory syndrome coronavirus', 'type i ifn', 'rigi', 'middle east respiratory syndrome', 'nr', 'severe acute respiratory syndrome', 'ether', 'ribavirin']"
d7c19f36441362e9d420b7961fdad15056a50aeb,"['tic', 'pain', 'papain', 'rigi', 'severe acute respiratory syndrome', 'ether']"
836190d366ba8e34c3a5df8a24d17a36fd503505,"['tic', 'rigi', 'middle east respiratory syndrome', 'orf', 'severe acute respiratory syndrome', 'ether']"
c86b2bc3f7a250a46b1f3f223900fee47d0cdf7f,"['influenza', 'cox', 'tic', 'nr']"
ffbd7555a337706238c211197b221795e4e35146,"['tic', 'rash', 'rigi']"
f1ce5a3f2541bb557c6f0dbae6261248dd8a286c,"['influenza', 'doxycycline', 'rosin', 'cox', 'tic', 'chikungunya virus', 'influenza a virus', 'tyrosine', 'ebola virus', 'arginine', 'dengue', 'phenylalanine', 'puromycin', 'yellow fever', 'doxorubicin', 'zika virus', 'agar', 'alanine', 'nr', 'severe acute respiratory syndrome', 'ether']"
c8df44a3612e85e267351e936ddeb8fc5867afa1,"['influenza', 'tic', 'falls', 'rigi', 'pica', 'ether']"
0eda8331214ca028350b07e2953702f3078a105e,"['influenza', 'tic', 'falls', 'rigi', 'thc', 'pica', 'nr', 'ether']"
2ed28b3c39080ffc7b75faa527b8b74b6253b45c,"['influenza', 'lopinavir', 'atazanavir', 'ritonavir', 'covid19', 'tic', 'remdesivir', 'ifn', 'gelatin', 'influenza a virus', 'hepatitis c', 'streptomycin', 'tnf', 'sofosbuvir', 'water', 'yellow fever', 'adenine', 'severe acute respiratory syndrome', 'ether', 'glucose', 'chloroquine']"
1fe8e5f5709aa0e7fb3971ce721c27b879020e6e,"['cox', 'oxygen', 'tic', 'creatinine', 'fatigue', 'thrombin', 'atrial fibrillation', 'coronary artery disease', 'cough', 'obesity', 'thrombocytopenia', 'tnf', 'pica', 'severe acute respiratory syndrome', 'ether']"
12fac9aedb1a09a3922a3c084ce4723708e463d6,"['tic', 'fits']"
12c27668d532b86334400132f83b995a7df41b2d,"['transcription', 'tic', 'pain', 'aids', 'rigi', 'severe acute respiratory syndrome', 'ether']"
bef3bb0ad1fadf1d9a82780d5cf28abf63b86efc,"['tlr', 'transcription', 'leucine', 'tic', 'ifn', 'hepatitis b', 'calcium', 'potassium', 'proline', 'rigi', 'middle east respiratory syndrome', 'aved', 'nr', 'fibronectin', 'severe acute respiratory syndrome', 'ether', 'parkinson disease', 'elm']"
9fb51f09a4454a8975a7842a5f1f31fd26749b83,"['tic', 'thc']"
09b6706748f0c1ae0da436ac2dfac9052b84e4ea,"['wine', 'tic', 'middle east respiratory syndrome coronavirus', 'ticks', 'water', 'rigi', 'middle east respiratory syndrome', 'pica', 'aved']"
48f486ccea11b4ba01186e287124316c962857f7,"['cox', 'oxygen', 'tic', 'respiratory distress', 'cough', 'rigi', 'thc', 'nr', 'penicillamine', 'ether', 'nitric oxide']"
875b7c463f00772fa0dc18ada678bc1ff16a4274,"['influenza', 'transcription', 'tic', 'endocrine', 'respiratory distress', 'fatigue', 'middle east respiratory syndrome coronavirus', 'avian influenza', 'cough', 'middle east respiratory syndrome', 'nr', 'severe acute respiratory syndrome']"
28f2f3169e77c805aedcf96c7bc5b4e69ee6d353,"['tic', 'fits', 'urea', 'rigi', 'thc', 'pica']"
a5cdc10ddf08b16f4e3363504118803f37a5b683,"['tic', 'pain', 'thc', 'ether', 'elm']"
6ad14ceec74dc9b3d3dc6db7fc319b9dc22dc546,[]
d24cd6723fa601766ab0d7e5e0c0bf2963756f3f,"['influenza', 'tic', 'falls', 'pica']"
63781701d3aac3b1640caae24b2c8c2a06c8e6ab,"['influenza', 'measles', 'tic', 'fits', 'ebola virus', 'cough', 'rigi', 'yellow fever', 'middle east respiratory syndrome', 'pica', 'severe acute respiratory syndrome', 'whooping cough', 'ether', 'cholera']"
5b11e063f09adbfdaf7fd515ecc6c09a83674263,"['tic', 'pain']"
cc5e36a8d22f6b1708b1c43764806b1722aa1754,"['glutamine', 'oxygen', 'leucine', 'tic', 'pain', 'nitrogen', 'isoleucine', 'threonine', 'papain', 'water', 'rigi', 'chymotrypsin', 'pica', 'alanine']"
