paper_id,keyword_match
f7891683eecd12b3908862fc7ef1d341ca7a293c,"['influenza', 'tic', 'monkeypox', 'ebola virus', 'pica', 'ether']"
a751eee7f538e9e54dbf1b65b0f90cc4579faec8,"['tic', 'middle east respiratory syndrome coronavirus', 'middle east respiratory syndrome', 'orf', 'severe acute respiratory syndrome', 'ether']"
c62c15ef605bc28f887474ad16e13169c2ab2f53,"['tic', 'pain']"
e50dbdfdcc0d5c3e17a1ee6cc3b7d71ef3162868,"['tic', 'ether']"
8eb99586e9103599ab2f58cc33ca94cd0b60ae53,"['parainfluenza', 'influenza', 'tic', 'erythromycin', 'moraxella catarrhalis', 'pseudomonas aeruginosa', 'staphylococcus aureus', 'rhinovirus', 'adenovirus', 'tetracycline', 'chloramphenicol', 'streptococcus pneumoniae']"
10fe3ae2b4534a76fc5ec7b5f7b670e767675f5d,"['transcription', 'tic', 'water', 'rigi', 'thc', 'pica', 'nr', 'severe acute respiratory syndrome', 'ether', 'elm']"
a7804d77d1a75810af0148d8fea8acbe2941f1b9,"['influenza', 'cox', 'tic', 'echovirus', 'hepatitis c', 'dengue', 'rigi', 'pica', 'nr', 'elm']"
b950bbe60ddcd883c266d6494af67eb0e6bd9277,"['tic', 'aids', 'fits']"
5d3612cd95331a2f0c43ef9d03ce583b5ff8c995,"['transcription', 'tic', 'respiratory distress', 'nlr', 'asthma', 'nr', 'ether', 'mapk']"
48b7966e4d83d9e9789c35151fd6d870dbc6551a,"['lopinavir', 'ritonavir', 'tic', 'hearing loss', 'rheumatoid arthritis', 'rash', 'erythema', 'rheumatoid', 'fits', 'systemic lupus erythematosus', 'hydroxychloroquine sulfate', 'headache', 'azithromycin', 'malaria', 'digitalis', 'herpes simplex', 'rigi', 'hydroxychloroquine', 'chloroquine sulfate', 'pica', 'chloroquine phosphate', 'psoriasis', 'severe acute respiratory syndrome', 'chloroquine']"
8bcbb998e7067bab377471601a3e72e50c2fe24f,"['influenza', 'oxygen', 'tic', 'fits', 'nr', 'ether', 'elm']"
58869cc8053741f55e3db6e1d45e758a79e3fb3f,"['influenza', 'tic', 'respiratory distress', 'rigi', 'thc', 'nr', 'severe acute respiratory syndrome', 'ether']"
ad2ac6290bd819dc91338a17298350d0abc17922,"['tic', 'aved', 'ether']"
2d99df39f474b652e4c61e1d3e166f43020c3524,"['cox', 'tic', 'thc', 'infertility', 'ether']"
aa5a99e67d3e887b3fa88575fb0d4a662d0a60ce,"['influenza', 'tic', 'falls', 'fits', 'thc', 'pica', 'nr', 'ether', 'elm']"
64b327001f8fa95b83dc23259a2ad617be12498c,"['atazanavir', 'human immunodeficiency virus type 1', 'tic', 'darunavir', 'nr', 'ether']"
da3014104863a5bb44aef3ed816a61682c8b1ab1,"['influenza', 'tuberculosis', 'tic', 'fits', 'rigi', 'nr', 'ether']"
854e3c7cd6e602307ef25e827baaa5b45a6ddcd3,"['tic', 'thc', 'nr', 'ether']"
bbbd306d66ca6dfc560f3ac4ff467b42f33785a6,"['glutamine', 'influenza', 'transcription', 'alcohol', 'carbenicillin', 'cytidine', 'tic', 'remdesivir', 'nitrogen', 'zidovudine', 'uracil', 'balapiravir', 'maraviroc', 'hiv infection', 'hepatitis c', 'medronic acid', 'chemokine', 'streptomycin', 'ethanol', 'dasabuvir', 'dengue', 'hepatitis c virus', 'dipyridamole', 'sofosbuvir', 'water', 'herpes simplex', 'rigi', 'agar', 'orf', 'aved', 'nr', 'ethyl acetate', 'acetone', 'ether', 'ribavirin', 'teriflunomide']"
ec223563f366aa8ed21ec84d1b0d21a911362cfa,"['tic', 'sabin vaccine', 'histidine', 'arginine', 'severe acute respiratory syndrome', 'ether', 'lysine', 'ribavirin']"
478b438a3d890c8a224321781dee4b46e21b9ca1,"['transcription', 'tic', 'senega', 'water', 'rigi', 'thc', 'orf', 'nr', 'severe acute respiratory syndrome']"
f854d7b750541d65c48df953a65028a50ce57881,"['influenza', 'transcription', 'cox', 'tic', 'creatinine', 'pain', 'chest pain', 'thc', 'nr', 'severe acute respiratory syndrome', 'elm']"
0537863d6c059cc9cf5ec8dd0beb27dec5d9d801,"['wine', 'tic', 'common cold', 'falls', 'mesna', 'fits', 'thc', 'hh', 'aved']"
690d1d75ad95a10820758008fc82a2572d1181e2,"['covid19', 'tic', 'fits', 'thc', 'elm']"
c831d405327c80b5e2b93695063542fd1cdd168f,"['covid19', 'tic', 'rigi', 'pica', 'ether']"
7116ddab89281e7641fb659019c90ee3715f5039,"['veillonella', 'tic', 'cystic fibrosis', 'asthma', 'cough', 'pica', 'nr']"
d411ca90dbbae255928ea38f7b05482be861fd10,"['erk', 'tic', 'rigi', 'pica', 'severe acute respiratory syndrome', 'ether']"
56a81431a148344381a1da80c877885f3f3d6d59,"['transcription', 'tic', 'pica', 'nr', 'sodium bicarbonate', 'ether', 'chloroquine']"
af266fac8970a7960e96630a67d91bec5dda0335,"['covid19', 'tic', 'pica', 'nr', 'ether']"
4f5f812dec32f2da50e3b8bb7a63626f45933f6a,"['oxygen', 'tic', 'elm']"
fee658bdd0a16f3a1b955f6b051bc3c4f647ccdd,"['lopinavir', 'ritonavir', 'transcription', 'tic', 'pain', 'moxifloxacin', 'fatigue', 'cough', 'rigi', 'chloroquine phosphate', 'severe acute respiratory syndrome', 'abdominal pain', 'chloroquine']"
e1bd6ce36d65c253f39712d702a10c962bc3282b,"['influenza', 'measles', 'tuberculosis', 'tic', 'bcg vaccine', 'bcg', 'rigi', 'ether']"
b1b99d8bcba7cac540d3a8c2ee4b932396c4036d,"['tic', 'myalgia', 'cough', 'thc', 'nr', 'ether']"
d86bfb3a8766e3e6c140e83be2f39a7432762e84,"['betaine', 'transcription', 'tic', 'water', 'rigi', 'agar', 'pica', 'sodium chloride']"
2757708c4f72260abefb9d74302d868165cbc1a4,"['tic', 'cough', 'alanine', 'ether']"
9c33486a49de4aea64ce61c0a2c21a88c316b6a8,"['covid19', 'tic', 'fatigue', 'falls', 'ether']"
2f516463f332a70a46e5157c6ce1030d0abc994d,"['tic', 'respiratory distress', 'falls', 'cough', 'anosmia', 'pica', 'orf', 'aved', 'nr', 'ether']"
14486124e2e9167deed93aed33e5d81025debeb0,"['pam', 'lopinavir', 'melanoma', 'ritonavir', 'alvocidib', 'cox', 'tic', 'remdesivir', 'respiratory distress', 'niclosamide', 'ivermectin', 'fits', 'streptomycin', 'bortezomib', 'dactolisib', 'rigi', 'baricitinib', 'nr', 'methotrexate', 'ether', 'chloroquine']"
2b7cd6ed978e1024a81b11a3493ed76f2586149c,"['paraffin', 'tlr', 'transcription', 'cox', 'tofacitinib', 'tic', 'ifn', 'rheumatoid arthritis', 'weight loss', 'respiratory distress', 'tryptophan', 'down syndrome', 'ulcerative colitis', 'type i ifn', 'erythema', 'chemokine', 'rheumatoid', 'systemic lupus erythematosus', 'upadacitinib', 'tnf', 'rigi', 'hydroxychloroquine', 'ruxolitinib', 'ethylcellulose', 'pica', 'baricitinib', 'alanine', 'psoriasis', 'nr', 'methylcellulose', 'imiquimod', 'ether', 'myelofibrosis', 'chloroquine', 'polycythemia vera']"
1847e883a0232b753148f34127d1d30c3c06735e,"['transcription', 'respiratory syncytial virus', 'tic', 'respiratory distress', 'ethanol', 'water']"
1d54a30cff3933545aed099cf0b608a97c920a45,"['lopinavir', 'ritonavir', 'oxygen', 'tic', 'remdesivir', 'nitrendipine', 'favipiravir', 'respiratory distress', 'calcium', 'fits', 'aldosterone', 'amlodipine', 'serine', 'azithromycin', 'hydroxychloroquine', 'angiotensin ii', 'lactose', 'pica', 'aved', 'nr', 'severe acute respiratory syndrome', 'ether', 'elm', 'chloroquine']"
2c17a581c10ece6c5b5dec88f228f1f43d3fcc14,"['tlr', 'tic', 'common cold', 'cystic fibrosis', 'pain', 'autophagy', 'respiratory distress', 'ofloxacin', 'fits', 'pseudomonas aeruginosa', 'scra', 'azithromycin', 'hydroxychloroquine', 'agar', 'pica', 'camostat', 'ciprofloxacin', 'helium', 'ether', 'monensin', 'cholera', 'chloroquine']"
b80d9de7750d627a0189fcd2dfd82c7efcb1c079,"['glutamine', 'transcription', 'maltose', 'notch', 'tic', 'malt', 'streptomycin', 'paraformaldehyde', 'formaldehyde', 'sucrose', 'thc', 'pica', 'nr', 'ether']"
4ac386f4c566c6036eaafb68b3c4b93ff85f4f1c,"['tic', 'pain', 'cough', 'ether']"
654bd2c882ef01591537501635a833700d66393b,"['tic', 'pain', 'rigi', 'nr', 'severe acute respiratory syndrome', 'ether', 'elm']"
254c1e4d661d7fb5954c855387595c3cde0e8156,"['transcription', 'oxygen', 'tic', 'water', 'thc', 'pica', 'elm']"
a6b05fa393f9404c906099e179ca476294068394,"['tic', 'hendra virus', 'shigella flexneri', 'sodium acetate', 'salmonella', 'bacillus subtilis', 'fits', 'ethanol', 'urea', 'water', 'middle east respiratory syndrome', 'agar', 'thc', 'pica', 'aved', 'ether']"
300183d862ef809c734535bb79928efa4cdcd208,"['tic', 'thc', 'elm']"
ec6adb9dc121bcbb8215cb16b880d6dc6497d209,"['transcription', 'tic', 'digeorge syndrome', 'urea', 'water', 'rigi', 'adenosine', 'agar', 'thc', 'aved', 'nr', 'adenine', 'ether']"
b3e877acb1b2ec719f6e094f7900cc3bf865457c,"['pam', 'tic', 'aspartic acid', 'middle east respiratory syndrome coronavirus', 'glycine', 'water', 'rigi', 'middle east respiratory syndrome', 'pica', 'severe acute respiratory syndrome']"
9350071c50e046209486fa3cafcfa0757a5e6163,"['transcription', 'oxygen', 'tic', 'orf', 'nr', 'ether']"
159a2b9cfa1b6755a09de95d76dad5490e6a2bb9,"['pam', 'alcohol', 'oxygen', 'tic', 'dopamine', 'pain', 'etl', 'fits', 'morphine', 'water', 'vanilla', 'social anxiety disorder', 'pica', 'aved', 'nr', 'autism', 'ether']"
67a2ae408efcb6686a22ae27435c7e4fa10c4a21,"['influenza', 'transcription', 'oxygen', 'tic', 'remdesivir', 'fatigue', 'thrombin', 'headache', 'cough', 'pica', 'nr', 'severe acute respiratory syndrome']"
179df1e769292dd113cef1b54b0b43213e6b5c97,"['oxygen', 'tic', 'pain', 'fatigue', 'myalgia', 'cough', 'rigi', 'thc', 'ether', 'abdominal pain']"
ea84759e67802b696a5c60503c024546e542d572,"['influenza', 'galactose', 'tic', 'influenza a virus', 'oseltamivir', 'streptomycin', 'ethanol', 'paraformaldehyde', 'clostridium perfringens', 'glycine', 'rigi', 'formaldehyde', 'lactose', 'thc', 'pica', 'glucose oxidase', 'aved', 'nr', 'fluorescein', 'biotin', 'helium', 'ether', 'glucose']"
21e467c209506b6c7f31b1822049ce594df4483f,[]
f7b069911c90d9deab85becbad3e9a633e0bf57c,"['covid19', 'tic', 'pain']"
abcfffafab399149d4adadd6bb458c4994e2025d,"['tic', 'thc', 'pica', 'severe acute respiratory syndrome', 'ether', 'elm']"
610549c879c62efc42f2ad32f63c65b25d8931c7,['tic']
5a0089eb2fc6fc7eabc5f98b7216e1568967b7c7,"['influenza', 'zanamivir', 'alcohol', 'tuberculosis', 'oxygen', 'tic', 'common cold', 'rhinoscleroma', 'pain', 'weight loss', 'influenza a virus', 'oseltamivir', 'rash', 'amantadine', 'fits', 'nausea and vomiting', 'cough', 'water', 'middle east respiratory syndrome', 'thc', 'pica', 'hh', 'nr', 'severe acute respiratory syndrome', 'whooping cough', 'ether']"
40970d447ac85abe8d49caa901298963f7960587,"['transcription', 'tic', 'orf', 'severe acute respiratory syndrome']"
f1df35a67e0dd7848e1e4088abc6485b2375de22,['tic']
a7f473df655c67cbdf1b5f61c5a7458bc2a9385c,"['glutamine', 'influenza', 'transcription', 'tic', 'respiratory distress', 'nlr', 'influenza a virus', 'cxcr', 'urea', 'tnf', 'water', 'rigi', 'complement activation', 'orf', 'nr', 'severe acute respiratory syndrome']"
fe09ebcf10de441c0ad0a90f0926ec0aed5a0577,"['leucine', 'tic', 'nitrogen', 'hepatitis c', 'serine', 'dengue', 'rigi', 'yellow fever', 'pica', 'hh', 'orf', 'nr', 'ether']"
7b5be48b7769ccad2f44a8c54efcea5281a6c633,['tic']
2ff168d83528e6dd46e8c5358fb84fd63f7a8f2c,"['influenza', 'areca', 'tic', 'influenza a virus', 'ticks', 'rotavirus', 'rigi', 'pica', 'orf', 'ether', 'rabies']"
92a128167e2f285d2987b6f92044bf770b0051c8,"['tic', 'lactic acid', 'hydrogen peroxide', 'water', 'rigi', 'thc', 'pica', 'nr', 'ether']"
e5c3358b3235f360e8de5ace8908040480d29822,"['tic', 'nr', 'elm']"
123db7cdec9fc63aa09782ea9f4267603be8f74d,"['melanoma', 'transcription', 'notch', 'tic', 'lime', 'ifn', 'paraformaldehyde', 'lactic acid', 'escherichia coli', 'water', 'dimethyl sulfoxide', 'formaldehyde', 'fluorescein', 'ethyl acetate', 'biotin', 'ether']"
b4fc44eabb1f640124fff98990c85dc5c9984aee,"['tic', 'zika virus', 'orf', 'aved', 'nr']"
f32841f22efe8c2bccd0d04a0c0b47e6ecf86b61,"['influenza', 'tic', 'ifn', 'weight loss', 'influenza a virus', 'type i ifn', 'rhinovirus', 'nr', 'ether']"
c5bf5beb177c16aa29255e89e0cf47e4e9467cce,"['influenza', 'tic', 'aedes mosquito', 'zika fever', 'ebola virus', 'urea', 'dengue', 'microcephaly', 'zika virus', 'ether']"
5507325ad63261970f22c625abcfa59f99e24efd,"['pam', 'erk', 'transcription', 'tic', 'ifn', 'nitrogen', 'threonine', 'phenol', 'ethanol', 'serine', 'scra', 'methionine', 'puromycin', 'sucrose', 'orf', 'aved', 'nr', 'ether', 'elm']"
83cca3779f8aeea47c5426e1d0fa65f1e9567e0c,"['yersinia pestis', 'transcription', 'maltose', 'tuberculosis', 'oxygen', 'borrelia burgdorferi', 'tic', 'malt', 'maltodextrin', 'nitrogen', 'hepatitis b', 'irritable bowel syndrome', 'salmonella', 'dextrin', 'hepatitis c', 'ofloxacin', 'hepatitis b virus', 'streptomycin', 'ebola virus', 'neisseria gonorrhoea', 'human papilloma virus', 'pseudomonas aeruginosa', 'treponema pallidum', 'hepatitis c virus', 'azithromycin', 'typhoid fever', 'herpes simplex', 'rigi', 'zika virus', 'mycobacterium tuberculosis', 'agar', 'acinetobacter', 'orf', 'ciprofloxacin', 'adenine', 'chloramphenicol', 'ampicillin', 'ether', 'glucose']"
c05b1349d118b8d75eb1e86d5d31132d5f3fb186,"['tic', 'nr', 'severe acute respiratory syndrome', 'elm']"
5a425d474d13cbcfc448f36de539d4a679f7b618,['tic']
00911cf4f99a3d5ae5e5b787675646a743574496,"['influenza', 'tic', 'pain', 'ebola virus', 'rigi', 'nr', 'ether', 'abdominal pain']"
8f5c5631cca22541a8cea87fb688b17f1266b859,"['covid19', 'tic', 'nr']"
71458bb4475044cabe69528abc34b438d8db6a8e,"['tic', 'pain', 'pica', 'severe acute respiratory syndrome']"
2ffc83b88bc84615273e97d8109e5439ce4dce60,"['influenza', 'tic', 'hepatitis c', 'falls', 'fits', 'ebola virus', 'rigi', 'pica', 'ether']"
dac1b1607ae72b9509ab26367e0d55016e8132a8,"['tic', 'remdesivir', 'fatigue', 'cough', 'ether']"
9d50dd6de221e2286fbe407cc3dc42b606315469,"['tic', 'finnish', 'respiratory distress', 'fatigue', 'serine', 'cough', 'water', 'nr']"
6d3b3f4ab80a61c45f82c61c6c756cfc6ddf4bf2,"['tic', 'fits', 'middle east respiratory syndrome', 'severe acute respiratory syndrome', 'ether']"
2bdc5655187ad0c6bb1e7a1820c142985d8a690b,"['influenza', 'avian influenza']"
fb7371ad31cd501854660876a282060402082537,"['influenza', 'measles', 'measles virus', 'tic', 'scot', 'influenza a virus', 'middle east respiratory syndrome coronavirus', 'falls', 'rash', 'rigi', 'middle east respiratory syndrome', 'nr', 'severe acute respiratory syndrome', 'ether']"
1e9cafd54968d935da52bdcae678df1e6ec2b650,"['nisch', 'mycoplasma pneumoniae', 'tic', 'common cold', 'middle east respiratory syndrome coronavirus', 'streptomycin', 'mycoplasma pneumonia', 'middle east respiratory syndrome', 'formaldehyde', 'severe acute respiratory syndrome', 'ether']"
5fee35a22d17fd777231c338a57ac4a93a670cc1,"['tic', 'ether']"
66f8cfe75dce9b250b555fe8d136cf006f55649a,"['smallpox', 'influenza', 'measles', 'tuberculosis', 'tic', 'mumps', 'rash', 'plague', 'hepatitis a', 'rigi', 'yellow fever', 'zika virus', 'diphtheria', 'ether', 'cholera']"
b47f37acf862906eeae49368e09f6b397194cdd7,"['influenza', 'tic', 'rheumatoid arthritis', 'ibuprofen', 'rheumatoid', 'myalgia', 'cyclophosphamide', 'tnf', 'fibromyalgia', 'tocilizumab', 'hydroxychloroquine', 'thc', 'diabetes mellitus', 'rituximab', 'chloroquine']"
5daceb492bad28a61fc43c4be83a164042d8c430,"['tic', 'ethanol', 'serine', 'sodium citrate', 'water', 'rotavirus', 'ether']"
a8be6ba53508e988c2c8c153478ff615b0d77687,"['transcription', 'rosin', 'insulin', 'cox', 'tic', 'tyrosinemia', 'neuroblastoma', 'tyrosine', 'pi3k', 'fits', 'nr', 'ether', 'glucose', 'cholesterol']"
8575c06c64fdd0bb43efc46cd994f557698c755f,"['tic', 'cough', 'nr', 'severe acute respiratory syndrome', 'ether']"
c12ad8b411c24fe215be91d1f990645743e55ab5,"['tic', 'dira', 'rigi', 'pica', 'aved', 'ether']"
0b460e73926eb107001c95c0dfeae2362b4251b0,"['parainfluenza', 'influenza', 'cox', 'mycoplasma pneumoniae', 'tic', 'mycoplasma pneumonia', 'pica', 'ether', 'legionella pneumophila']"
4ffcd1d8e0f56c5a238bbd4040ec23410ef71a1b,"['tic', 'thc']"
ec5c4fc8dc496b32b85dfed9a17b50a6e61f32c8,"['tic', 'pain', 'fits', 'pica', 'nr']"
f49a9b36227a498495c9788a4e5e4d6429b71eab,"['tic', 'lymphadenopathy', 'cough', 'nr', 'ether']"
d1c77a93f69b5dbcf3806674bff9fe4677209ae5,"['amiloride', 'transcription', 'tic', 'nystatin', 'dextrin', 'ethanol', 'water', 'sucrose', 'thc', 'nr', 'ether', 'cholesterol', 'promazine', 'chlorpromazine']"
fbe05344a1e0188a43023ca1bf2ab373562659b3,"['influenza', 'transcription', 'tic', 'common cold', 'respiratory distress', 'hepatitis c', 'hepatitis c virus', 'rigi', 'pica', 'orf', 'severe acute respiratory syndrome', 'ether']"
7a4b1cbed36a78dd075a57d15e8bd672bfec33ea,"['oxygen', 'tic', 'thc', 'pica']"
72b346dfe312aa5ce146236f988ca8e89e417652,"['paraffin', 'tic', 'hepatocellular carcinoma', 'choriocarcinoma', 'common cold', 'neuroblastoma', 'middle east respiratory syndrome coronavirus', 'serine', 'water', 'rigi', 'angiotensin ii', 'middle east respiratory syndrome', 'thc', 'pica', 'multiple myeloma', 'nr', 'high blood pressure', 'severe acute respiratory syndrome', 'helium', 'ether']"
d71e87ca58f191863eb830b026910c9f4eeaa290,"['influenza', 'tic', 'fatigue', 'urea', 'rigi', 'nr', 'severe acute respiratory syndrome', 'ether']"
b30b43ac5cf19932f2b3c3034e2f4ea34a69e901,"['covid19', 'tic', 'rigi']"
6c90244c5dc0044c12a29e7006ecddc9e1509037,"['tic', 'rigi', 'pica', 'aved', 'ether']"
6710c917f9b40e2e593c6f05b5aad788ae1eadb7,"['tic', 'fatigue', 'cough', 'ether']"
d4514afa97f2fcbcecac303c4975854d92dda228,"['transcription', 'alcohol', 'tic', 'pain', 'papain', 'ticks', 'water', 'orf', 'severe acute respiratory syndrome']"
3520e9385534f6a1429f3f6531a4c05e6d700169,"['tic', 'pancreatic cancer', 'rigi', 'pica', 'nr', 'breast cancer']"
0f1faecb3cb3cf441c0092fa858da8616c274a73,"['tic', 'rigi', 'aved', 'ether']"
e4000069f8a05838bc0222b88ef763575791107b,"['thyroid', 'oxygen', 'tic', 'ahr', 'respiratory distress', 'serine', 'headache', 'cough', 'obesity', 'disseminated intravascular coagulation', 'cardiac arrest', 'ether']"
2ae710bf5f60c23c489e4c61245a35a4f85178cb,"['tic', 'severe acute respiratory syndrome']"
acd8d28ae75dc1ec5fea2d767e3158545011c1f7,"['tic', 'actinomycetoma', 'itraconazole', 'ketoconazole', 'schistosomiasis', 'pica', 'aved', 'eumycetoma', 'aspergillosis']"
06a1002f9fbea7179ac3572843f66b14568af6e4,"['zopiclone', 'insomnia', 'tic', 'remdesivir', 'praziquantel', 'perampanel', 'eszopiclone', 'water', 'rigi', 'chymotrypsin', 'nelfinavir', 'severe acute respiratory syndrome']"
1dfcd4615a8763e053bd2fdb845f09fab68109f1,"['tic', 'hepatitis c', 'hepatitis c virus', 'vibrio cholerae', 'water', 'ether', 'cholera']"
ebe6b213518c752d5fbb9fe1777b1b6ba7b2ab5a,"['lopinavir', 'ritonavir', 'human immunodeficiency virus type 1', 'oxygen', 'tic', 'fatigue', 'aldosterone', 'headache', 'cough', 'angiotensin ii', 'ether', 'chloroquine']"
68687f085a0951ebec882f302fe6d80ad3e8257c,"['cox', 'tic', 'mumps', 'rigi', 'yellow fever', 'adenovirus', 'vaccinia', 'severe acute respiratory syndrome', 'rift valley fever']"
080d57a332b0d1f0a5b0c27180bf930ef6dd7135,"['tic', 'thc', 'severe acute respiratory syndrome', 'ether', 'elm']"
5b27a16123f46b5aaeda3171d22e075dcbd36ee6,"['tic', 'japanese encephalitis', 'dengue', 'microcephaly', 'rigi', 'chymotrypsin', 'yellow fever', 'zika virus', 'aved']"
889d251eea718bcc988a082ac52af52b53ccdb01,"['tic', 'rigi', 'ether']"
eb8e070da6ccc3e2e6d05712c6a3830037ba6f9a,['fits']
39ab0e9d7a93e6a7483bf4851e69cd66d2653256,"['tic', 'dent disease', 'thrombin', 'proline', 'rigi', 'aved', 'ether']"
f126b7f9c8ba02a0f872b51cf95d08086e0bd4ac,"['transcription', 'tuberculosis', 'cytidine', 'tic', 'uracil', 'calcium', 'fluorouracil', 'dimethyl sulfoxide', 'formaldehyde', 'adenosine', 'agar', 'orf', 'alanine', 'ether', 'ribavirin']"
f47af9fe364fd9bac5e061142208d801667c5aca,"['oxygen', 'tic', 'pain', 'myocardial infarction', 'coronary artery disease', 'water', 'chest pain', 'pica', 'nr', 'severe acute respiratory syndrome']"
eb5e5088c41f976387784acd57dbb683932c6002,"['glutamine', 'erk', 'doxycycline', 'tic', 'nitrogen', 'neomycin', 'nocodazole', 'streptomycin', 'glutaral', 'adenovirus', 'tetracycline', 'sodium pyrophosphate', 'helium', 'ether', 'elm']"
70c7260fc0702bd4a554421ac68972c991313e56,"['paraffin', 'transcription', 'tic', 'chikungunya virus', 'synovial sarcoma', 'weight loss', 'scot', 'chemokine', 'streptomycin', 'isoflurane', 'tnf', 'apoptosis', 'rigi', 'agar', 'nr', 'ether']"
f10be24a8d8f94493f66e8ce938794cfb7d56905,"['erk', 'cox', 'oxygen', 'tic', 'creatinine', 'ahr', 'nitrogen', 'respiratory distress', 'nlr', 'fatigue', 'chronic obstructive pulmonary disease (copd)', 'myocardial infarction', 'urea', 'coronary artery disease', 'cough', 'diabetes mellitus', 'nr', 'glucose']"
d0e43db0933c7aebb44b455a2b9f60eb8cfa95d4,"['tic', 'fatigue', 'headache', 'sleep disturbance', 'rigi', 'thc', 'pica', 'elm']"
30457ee3ce0001f33938fbc246b4ce4eacd74f5d,"['tic', 'potassium', 'dira', 'water', 'rigi', 'choline', 'pica', 'orf', 'nr', 'ethyl acetate', 'ether']"
63b645b7d8cd2502bedca374d0418486838bf4a0,"['tic', 'fits', 'cycloheximide', 'pica', 'fibronectin', 'ether']"
60f9bdb06e4d0d721e3436eedbe6891594d2de46,"['tic', 'pain', 'fits', 'ether']"
17643a57b92abf0d6635d308949e78de2ecc7f66,"['secretin', 'tic', 'ifn', 'escherichia coli', 'thc', 'pica', 'biotin', 'severe acute respiratory syndrome', 'ether']"
14220553c9160c06bb99f59d59e6a8ecf3595226,"['influenza', 'tic', 'aids', 'fits', 'urea', 'scra', 'thc', 'aved', 'ether', 'elm']"
0a6c1e65fd419db218def002dbb9c865cce35397,"['transcription', 'tic', 'cough', 'aved']"
40805abeda49fca34fc895093b56fd7ebf10d9b1,"['tic', 'pain', 'respiratory distress', 'fits', 'rigi', 'middle east respiratory syndrome', 'thc', 'pica', 'nr', 'ether', 'elm']"
a2ba0a34df31fd8059ed22787331a75b65eafa74,"['tic', 'ebola virus', 'thc', 'pica', 'nr', 'ether']"
9ca81dfa68fcbff13166d810aca929027bb3763b,"['erk', 'transcription', 'tic', 'neurogenic', 'rigi', 'pica', 'nr', 'ether', 'elm']"
b705170c7527f5bc6842d90bf443fa9f9ee00bf9,"['pam', 'tic', 'dopamine', 'serine', 'ataxia', 'water', 'angiotensin ii', 'aved', 'pellagra', 'ether', 'hartnup disorder', 'cerebellar ataxia', 'chloroquine']"
ac81102667b0d56edeb8ab0044765dc49a19f374,"['transcription', 'tic', 'autophagy', 'scra', 'rigi', 'orf', 'vaccinia', 'aved', 'nr', 'biotin', 'ether']"
d0b33d173f1d32662e2ad8d7e85181f9b23f010c,[]
19e096b2ffdf2d39fa0e28a263bc20a3323bcb5f,"['parainfluenza', 'influenza', 'respiratory syncytial virus', 'cox', 'oxygen', 'tic', 'lactic acid', 'cough', 'thc', 'orf', 'severe acute respiratory syndrome', 'ether', 'elm']"
87c582dc954f6bb05f5b8276f7385221cdcb8a91,"['oxygen', 'tic', 'pica', 'nr', 'severe acute respiratory syndrome']"
42ecb53730091efa36d09d53642321284c3be4a2,"['tic', 'fits', 'nr', 'ether']"
57a86b3acd182c955877afd4792719a4e9a0ac32,"['influenza', 'tic', 'fatigue', 'rash', 'generalized anxiety disorder', 'cough', 'middle east respiratory syndrome', 'severe acute respiratory syndrome', 'ether']"
d5a1fed3fc7baf4e31c897ec639995106e9fae78,"['tic', 'glycine', 'serine', 'scra', 'middle east respiratory syndrome', 'pica', 'ether', 'cholesterol']"
300ff0def92740f7e1142036f9e6ae30845e13d2,"['tic', 'fatigue', 'myalgia', 'cough', 'rigi', 'thc', 'nr', 'severe acute respiratory syndrome', 'ether']"
f8774cec00087a3d28f245c700f836e365684ef7,"['influenza', 'tic', 'ether']"
d3a476474944e85520796c1e26ad837f5ade7ce3,"['tic', 'rigi', 'nr']"
fe685aa676e739bd52ba2585a7e5b27c55e2d0d6,['helium']
005d189d5bd7ac01aee65e934fd3d5186a3f7b27,"['tic', 'pain', 'pica', 'ether']"
b857a5ba64d9d8282d2703f1292a79ee0bf69ea2,"['covid19', 'tic', 'rash']"
0fa18c47543c3ce69a3c9e4d77958c4d3691b1ed,"['thyroid', 'bifidobacterium', 'tic', 'bifidobacterium bifidum', 'hepatitis b', 'threonine', 'hepatitis b virus', 'lactobacillus acidophilus', 'thyroid hormone', 'rigi', 'ether']"
a99f02efcd401fc017aab682571c7af17c29b634,"['covid19', 'tic', 'pain', 'falls', 'rigi', 'thc', 'pica', 'hh', 'nr', 'severe acute respiratory syndrome', 'ether']"
c8d206a4f9af0709b6e9ee90c4d854d482cb0784,"['oxygen', 'tic', 'secukinumab', 'tnf']"
3ae569f06a6675f7f362c2a3a43785618738d3ff,"['smallpox', 'tic', 'plague', 'cough', 'rigi', 'thc', 'severe acute respiratory syndrome', 'ether', 'cholera']"
b9b0cad2db02479624a3d087626811e4d2fbcdb9,"['carbon dioxide', 'tic', 'ether']"
c99cefdb46e84c5dd740fe7dd6b047d0ba41592f,"['alcohol', 'insulin', 'tic', 'endocrine', 'aldosterone', 'chronic obstructive pulmonary disease (copd)', 'obesity', 'hyperlipidemia', 'angiotensin ii', 'severe acute respiratory syndrome', 'ether']"
47f99622879e0b7467b10fc44d5c7f5257a877cb,"['influenza', 'tic', 'urea', 'proline', 'chymotrypsin', 'thc', 'pica', 'severe acute respiratory syndrome']"
24e17488d399c436305c819953beae2961214771,"['lopinavir', 'ritonavir', 'cox', 'oxygen', 'tic', 'nlr', 'hepatitis b', 'hepatitis b virus', 'cough', 'glycolysis', 'nr', 'glucose']"
b323d6bf1873bf0b94bcae0be2052d9e335bf1af,"['influenza', 'transcription', 'tic', 'respiratory distress', 'ulcerative colitis', 'asthma', 'fits', 'rigi', 'middle east respiratory syndrome', 'anosmia', 'pica', 'nr', 'severe acute respiratory syndrome', 'helium', 'ether']"
df6013a1630aa41627cc84c8e780d40ff93785cc,"['tic', 'bacillus subtilis', 'falls', 'pseudomonas aeruginosa', 'escherichia coli', 'rigi', 'nr', 'ether', 'lysine']"
ad6fca5f399ea00ba6b7fa295276be4312804bfa,"['covid19', 'tic', 'pectin', 'pain', 'pica', 'nr', 'severe acute respiratory syndrome', 'elm']"
2c8e239ce05439f0c5641390faced02398e94d00,"['tic', 'falls', 'rigi', 'ether', 'elm']"
6fba5d79bdf83322d365179fa84ca02de2a16ebb,"['alcohol', 'tic', 'ahr', 'zinc stearate', 'falls', 'talc', 'water', 'pica', 'nr']"
4f1c22de2d2e0b3f2a12bf2a557d429d3ae31a5b,"['transcription', 'tic', 'rigi', 'astrovirus', 'pica', 'nr']"
7b21130d26a97ff62ef1810505eb083ec77657f8,['tic']
982689f92bf67e90a43fc142c605da9a5045f756,"['tic', 'severe acute respiratory syndrome']"
774014cdbde441f24a052211006985fa70d64f25,"['tic', 'finnish', 'pain', 'serine', 'malaria', 'water', 'angiotensin ii', 'ether']"
c9533866dd77deaa65ee1015b57bca5486f93326,[]
d8d4cfa7284b613f9b41bb55c6f7f764b9a1f8c4,"['tic', 'asthma', 'atrial fibrillation', 'myocardial infarction', 'obesity', 'rigi', 'thc', 'high blood pressure', 'ether', 'elm']"
ff64b7f9a666769f0abb5fe3ca365f6452715c61,"['erk', 'respiratory syncytial virus', 'oxygen', 'mycoplasma pneumoniae', 'tic', 'creatinine', 'respiratory distress', 'mycoplasma pneumonia', 'rigi', 'diabetes mellitus', 'pica', 'chlamydophila pneumoniae', 'ether']"
24f659a804a2a2b86d91d4f7a652f530e0d78e06,[]
e8b8e0f027881d2480d808b05d9281a7ff4e9b4d,"['alcohol', 'nr']"
d5efae48a9bbfccac8d9e6c1a80c8c605d80ee21,"['influenza', 'measles', 'tic', 'stomatitis', 'lymphocytic choriomeningitis', 'aids', 'marburg virus', 'ebola virus', 'vesicular stomatitis virus', 'nr', 'severe acute respiratory syndrome', 'ether', 'rabies']"
552548a4e9a576953acad9fa549ec4d796fe52c9,"['cmn', 'tic', 'klebsiella sp', 'calcium', 'calcium carbonate', 'water', 'agar', 'sucrose', 'dextrose', 'pica']"
169886ed560d25fc250346b0eb02b9b5fa73e5f9,"['influenza', 'transcription', 'secretin', 'tic', 'human cytomegalovirus', 'ifn', 'respiratory distress', 'fatigue', 'middle east respiratory syndrome coronavirus', 'chemokine', 'cxcr', 'ebola virus', 'cough', 'tnf', 'conjunctivitis', 'middle east respiratory syndrome', 'cytomegalovirus', 'nr', 'severe acute respiratory syndrome', 'ether']"
6c9306850b5da6412d800d19643c80d3dc3af2dc,"['influenza', 'tic', 'pain', 'rigi', 'pica', 'nr', 'severe acute respiratory syndrome', 'ether']"
da5ecffba8c5d1b7afee057ff61149fb976501ce,"['tic', 'severe acute respiratory syndrome']"
5e78cd85d425e3bfef6fe7cfabbcfa1cf6ae1859,"['tic', 'pectin', 'pain', 'fatigue', 'myalgia', 'cough', 'chest pain', 'nr', 'ether']"
6de59b8f8122ee30e23ef152639bb402264810f7,"['influenza', 'lopinavir', 'ciclesonide', 'respiratory syncytial virus', 'fluticasone', 'tic', 'remdesivir', 'mometasone', 'rubella', 'mifepristone', 'dexamethasone', 'cortisone', 'prednisolone', 'mometasone furoate', 'nafamostat', 'algestone acetophenide', 'camostat', 'chloroquine']"
cf4cad81492fa69b8fdc6ec5f8a67eebf37d79ef,"['covid19', 'tic', 'respiratory distress', 'middle east respiratory syndrome', 'thc', 'severe acute respiratory syndrome']"
a388cca261e8af7936cf3b79c35f43442f65706b,"['tic', 'aved', 'nr', 'biotin', 'severe acute respiratory syndrome', 'ether']"
4f64eee196e1ae4060f82b661ce65d98aba82cbc,"['rosin', 'tic', 'tyrosine', 'glycine', 'water', 'rigi', 'alanine', 'nr', 'ether']"
8018f692b7ec7a86ead09e4fd42c09becd5e3364,"['tic', 'rigi', 'pica', 'ether']"
d2353c8271919e7d8a23d69278be73c1f58ce585,"['cox', 'oxygen', 'tic', 'respiratory distress', 'fatigue', 'cough', 'pica', 'nr']"
181b7b57851e6f58a601b68e613d10c10616f774,"['tic', 'common cold', 'ifn', 'rigi', 'orf', 'severe acute respiratory syndrome', 'ether']"
292ab5deb4479ec38d4b4d3b0d47be3427951666,"['tic', 'thc']"
50be853b37945ba63f2fa2c4654b8c57ce0c1597,"['glutamine', 'cox', 'tic', 'remdesivir', 'fits', 'ebola virus', 'hydroxychloroquine sulfate', 'myalgia', 'azithromycin', 'malaria', 'q fever', 'hydroxychloroquine', 'chloroquine sulfate', 'nr', 'ether', 'chloroquine']"
59eab95c43fdea01481fdbf9bae45dfe28ffc693,"['tic', 'middle east respiratory syndrome coronavirus', 'middle east respiratory syndrome', 'pica', 'helium', 'ether']"
a5944e859b017fd4504ea042daaec613f3fba167,"['tic', 'stomatitis', 'ether', 'cholesterol', 'promazine', 'chlorpromazine']"
af5b90184fc31ef419b382d1160f55651206933e,"['tic', 'respiratory distress', 'brugada syndrome', 'atrial fibrillation', 'conjunctivitis', 'rigi', 'thc', 'pica', 'severe acute respiratory syndrome', 'ether', 'chloroquine']"
a9a978c056422f979395ce56c96738d33b104a3e,"['glutamine', 'tic', 'paclitaxel', 'kunjin virus', 'amphotericin b', 'dengue', 'zika virus', 'agar', 'gentamicin', 'ether']"
21c4d6c08d861b792900c32c5a0df1c1d407a005,"['covid19', 'tic', 'autophagy', 'metformin', 'azithromycin', 'hydroxychloroquine', 'cardiac arrest', 'ether', 'chloroquine']"
44a440cc1c135c938d2216ea672f8ef4f9c01296,"['influenza', 'transcription', 'tic', 'rash', 'headache', 'microcephaly', 'zika virus', 'nr', 'ether']"
7bfc745e4edcef81527e38d69589e7bcb5f725c2,"['tic', 'thc', 'ether']"
0c79ed35d20378f35456a55195abe7fb89a2990c,"['erk', 'tic', 'rigi', 'pica', 'nr']"
72b41bbcaed1ccbe1e6a223f9e9b89a85ad5d4dd,"['parainfluenza', 'influenza', 'oxygen', 'mycoplasma pneumoniae', 'tic', 'pain', 'mycoplasma pneumonia', 'cough', 'rigi', 'rhinovirus', 'agar', 'adenovirus', 'orf', 'cardiac arrest', 'nr', 'severe acute respiratory syndrome', 'ether', 'ribavirin']"
b4edd81e0d2770b0d6e0e3c93c7fffc43e3caa80,"['influenza', 'tic', 'fits', 'rigi', 'pica', 'adenovirus', 'severe acute respiratory syndrome']"
a7a4a5568e5b7c921bc616eedf532a393229decb,"['cox', 'tic', 'plague', 'rigi', 'orf', 'nr', 'ether']"
d92e6ddc127c4dd588cfa8fd584a9a1adb4bbe86,"['smallpox', 'influenza', 'tic', 'middle east respiratory syndrome coronavirus', 'avian influenza', 'ebola virus', 'middle east respiratory syndrome', 'zika virus']"
80747f397615967a430214adcd1541728934daae,"['influenza', 'tic']"
e165780491152cf6fcadf7f222b6057e76e2858f,"['tic', 'hydrogen peroxide', 'rigi', 'thc', 'severe acute respiratory syndrome', 'elm']"
75216c0238ddc17dec8ef66adcc84bd48922cae4,"['influenza', 'respiratory syncytial virus', 'tic', 'influenza a virus', 'avian influenza', 'rigi', 'ether']"
7bdceb3b947ec934199d0c97fb9ec5a0e2bac776,"['pam', 'tic', 'rigi', 'orf', 'nr', 'severe acute respiratory syndrome', 'ether']"
7ef979dc430e365ca94b84ec62bf65b8e96c24f3,"['tic', 'falls', 'urea', 'thc', 'pica', 'ether', 'elm']"
f863247dc84916a96448088399badefd09d54fb8,"['influenza', 'tic', 'zika virus', 'pica', 'orf', 'nr', 'severe acute respiratory syndrome', 'ether']"
f810de29894bfa40d93bc6dde3efc22c9d0d3f4c,"['wine', 'nipah virus', 'tic', 'marburg virus', 'ebola virus', 'rotavirus', 'hantavirus', 'severe acute respiratory syndrome', 'ether', 'rabies']"
7aa49aa2b76ea92b9265ad9d5a9d9ef0ea585b24,"['influenza', 'tic']"
10525ac89e46be4cb9cb9fd1131d28411a902047,"['tic', 'ebola virus', 'senega', 'rigi', 'yellow fever', 'pica', 'ether']"
3da1a03cb675f463b0d8e30744aa33512241dd29,"['tic', 'rigi']"
e9d02eb781f53686a256374622068790beb74290,['tic']
08660499ee722a74043f8417faee3e1eeb9d0f5f,"['influenza', 'tic', 'malt', 'chikungunya virus', 'pain', 'dengue', 'rigi', 'middle east respiratory syndrome', 'zika virus', 'thc', 'pica', 'nr', 'ether', 'elm']"
8aa021696a6accab9053f1d779eef6710439bfa5,"['influenza', 'tic', 'monkeypox', 'rash', 'rigi', 'ether']"
777c56ec2aa579e05f97804a7b40917cec31168f,"['multiple sclerosis', 'pam', 'melanoma', 'erk', 'diazepam', 'transcription', 'cox', 'tic', 'paclitaxel', 'remdesivir', 'varicella', 'topotecan', 'phenol', 'ebola virus', 'serine', 'arginine', 'chronic myeloid leukemia', 'hepatitis a', 'malaria', 'adenosine', 'pica', 'orf', 'nr', 'fibronectin', 'breast cancer', 'severe acute respiratory syndrome', 'ether', 'chloroquine']"
f39a2f9ad39c94a1acaa2e62717165a7970be1f9,"['paraffin', 'tlr', 'measles', 'thyroid', 'transcription', 'insulin', 'notch', 'cox', 'measles virus', 'tic', 'endocrine', 'stomatitis', 'ifn', 'somatostatin', 'respiratory distress', 'rubella', 'lymphocytic choriomeningitis', 'asthma', 'oxytocin', 'chemokine', 'ethanol', 'cxcr', 'paraformaldehyde', 'potassium', 'tamoxifen', 'cell cycle', 'dengue', 'wnt', 'tnf', 'tgfb', 'thyroid hormone', 'rigi', 'yellow fever', 'glucocorticoid receptor', 'formaldehyde', 'rhinovirus', 'hh', 'vaccinia', 'nr', 'glucagon', 'helium', 'parathyroid hormone', 'ether', 'rabies', 'hedgehog']"
e476334b4f415f8fde5e2f560fd1ad0fa314af90,"['etoposide', 'tic', 'silver nitrate', 'bleomycin sulfate', 'bortezomib', 'cisplatin', 'bleomycin', 'water', 'puromycin', 'rigi', 'agar', 'orf', 'amsacrine', 'nr', 'carmustine', 'ether']"
b73aa9b912e113a27f5eb0c264dea7d8114d2db6,"['transcription', 'tic', 'water', 'rigi', 'ether']"
931fd6847689ae16129aa6b52df3ee368354cbc7,"['tic', 'pectin', 'fits', 'rigi', 'nr']"
36a5f6d55d7c5f67d4344e36da0a72856ad3dda0,"['influenza', 'tic', 'ether']"
6d1b40bcdde63e22931509db389c6bf1949901dd,"['cystine', 'tic', 'aspartic acid', 'cystic fibrosis', 'nitrogen', 'histidine', 'asthma', 'glutamic acid', 'potassium', 'glycine', 'serine', 'arginine', 'phenylalanine', 'water', 'rigi', 'tobramycin', 'pica', 'sodium chloride', 'alanine', 'nr', 'potassium chloride', 'ether', 'lysine']"
5f72fd41d7ba8d4d7de7aa1f83fc5c90ffa50b03,"['tic', 'rigi', 'ether']"
a3116a1ea2e157c8855023d968cc0f0bd6c9846f,"['transcription', 'tic', 'common cold', 'rigi', 'hh', 'severe acute respiratory syndrome']"
6cb64c9a76fdb0f42aa7479705519d37ec098031,"['tremor', 'tic', 'middle east respiratory syndrome', 'severe acute respiratory syndrome']"
ec35f3e1ae3ec647151c5832b9b8f741f1ae1822,"['tic', 'pica', 'ether']"
29bc34aad802ab6b35074f23c631540a84b16d0d,"['tic', 'ether']"
11edcc84add7b4bfe1f7cc84068a06ff9b7398b2,"['tic', 'rigi', 'severe acute respiratory syndrome', 'ether']"
f4353ce3b4867f67470e99b1bce7908fcb655cec,"['oxygen', 'tic']"
2e41aee6651cf4cab4edf5aa67cc401c2bef9d67,"['influenza', 'oxygen', 'tic', 'fatigue', 'chronic obstructive pulmonary disease (copd)', 'myalgia', 'cough', 'severe acute respiratory syndrome']"
ce3fa97e6a6f00bae587f6225273f189392d2cad,"['tic', 'fits']"
9e89ee6b13447b1a1ef7fecaa39fdc7933e9035f,"['transcription', 'tic', 'hepatitis c', 'cell cycle', 'hepatitis c virus', 'nr', 'severe acute respiratory syndrome', 'ether']"
7fd06fe57c54edd18182a1af283fd2c4884618a5,"['influenza', 'covid19', 'tic', 'chikungunya virus', 'respiratory distress', 'dengue', 'azithromycin', 'tnf', 'malaria', 'hydroxychloroquine', 'middle east respiratory syndrome', 'nr', 'severe acute respiratory syndrome', 'chloroquine']"
5439a9e8b414940334e2876a38791a0b58ceaa31,"['tic', 'pain', 'rigi', 'severe acute respiratory syndrome', 'ether']"
2e971cf03b8c8cbd58fc9ee0b61debd7266678e4,"['influenza', 'tic', 'ether']"
160ecaaa5a766c289fc2f6b5499f0dfe7aab971c,"['influenza', 'tic', 'ether']"
a22ceac8d5e1cfaf2e79557d3c794458d0e1cdbe,"['tic', 'rigi', 'vaccinia', 'ether']"
22a4d26bde67d878869443ea26140f3d8239bed0,"['tic', 'ethanol', 'testosterone', 'water']"
16fc3ea80fcf22241771cba8952982d0faf82a66,"['tic', 'pectin', 'falls', 'pica', 'nr', 'ether']"
3c6649c7f1f9c7e71a0ae8980ac71429d2bca398,"['covid19', 'tic', 'pain', 'ether']"
1f5e7a9da8bd69aad97828725f45dc9afa7e8fc1,"['parainfluenza', 'influenza', 'covid19', 'respiratory syncytial virus', 'carbon dioxide', 'tic', 'pneumococcal disease', 'rheumatoid arthritis', 'sulfur dioxide', 'acne', 'nitrogen', 'influenza a virus', 'mumps', 'asthma', 'rheumatoid', 'fits', 'chronic obstructive pulmonary disease (copd)', 'urea', 'cough', 'water', 'thc', 'pica', 'adenovirus', 'carbon monoxide', 'breast cancer', 'severe acute respiratory syndrome', 'helium', 'ether', 'nitric oxide']"
4cc91ce442f6fd13456d4e51508605fbcf891ecd,"['influenza', 'covid19', 'oxygen', 'tic', 'respiratory distress', 'fatigue', 'myalgia', 'urea', 'cough', 'scra', 'thc', 'pica', 'ether', 'elm']"
5712a549cb69448023417bc00bd1d050576e8475,['ether']
19054c7a3d65e0ad7a4a241b8719330f9c3aaecd,"['influenza', 'tic', 'rigi']"
31710abfafa1ad587d8a91fa45fa621c432fef9c,"['tic', 'rigi', 'pica', 'orf', 'aved', 'nr', 'ether']"
f8e8a9c6f5662c1739be031e6134284ef08ea8b2,"['glutamine', 'influenza', 'transcription', 'alcohol', 'tic', 'hepatocellular carcinoma', 'pain', 'phenol', 'ebola virus', 'dengue', 'water', 'rigi', 'dimethyl sulfoxide', 'zika virus', 'agar', 'pica', 'severe acute respiratory syndrome', 'ether']"
f5bba2b350961aecc58e986d57df264e5bcfb845,"['lopinavir', 'atazanavir', 'ritonavir', 'saquinavir', 'darunavir', 'indinavir', 'tipranavir', 'amprenavir', 'nelfinavir', 'severe acute respiratory syndrome', 'ether', 'ribavirin']"
bd872a86902d848bd94694469bb0c5cb05bea483,"['tic', 'middle east respiratory syndrome coronavirus', 'rigi', 'middle east respiratory syndrome', 'ether']"
37afeaa38d66b8097cc7637bf62ac7d142e6b362,"['influenza', 'tic', 'pectin', 'influenza a virus', 'rigi', 'nr', 'ether']"
d8f3eb2d0c5bb4768c2f6f440a11cbeabdde07c5,"['tic', 'pain', 'rigi', 'thc', 'ether', 'elm']"
f93daa3d8d53761cfcf4c9fb8ff03dace02a858c,"['transcription', 'tic', 'pain', 'papain', 'alisporivir', 'dactinomycin', 'agar', 'orf', 'ether']"
ac3e33b6ed12e43208d76bf455f3b81067e6ac6d,"['tic', 'falls', 'pica', 'ether']"
03ea9ad47ebe9a599205b99390c45490e6724024,"['influenza', 'measles', 'tuberculosis', 'tic', 'pain', 'aids', 'ebola virus', 'cough', 'rigi', 'thc', 'severe acute respiratory syndrome']"
f7be50442eaf143be15bd7ccc534c719eee0b823,"['transcription', 'cox', 'tic', 'losmapimod', 'sodium chloride', 'helium', 'ether', 'mapk']"
21100aba41a4bfb48d7dc37f1bf5dbb38bf3867a,"['zolmitriptan', 'pam', 'influenza', 'measles', 'mercaptopurine', 'eplerenone', 'transcription', 'tic', 'remdesivir', 'melatonin', 'rheumatoid arthritis', 'pain', 'toremifene', 'hepatitis b', 'middle east respiratory syndrome coronavirus', 'inflammatory bowel disease', 'frovatriptan', 'eletriptan', 'equilin', 'erythema', 'rheumatoid', 'hepatitis b virus', 'fits', 'irbesartan', 'aldosterone', 'systemic lupus erythematosus', 'papain', 'ebola virus', 'paroxetine', 'sirolimus', 'hepatitis d', 'diabetic nephropathy', 'dactinomycin', 'rigi', 'hantavirus', 'middle east respiratory syndrome', 'zika virus', 'pica', 'orf', 'nr', 'breast cancer', 'severe acute respiratory syndrome', 'ether']"
b842a645116edb86df997aa960699a7513f2196a,"['cox', 'tic', 'rigi', 'thc', 'severe acute respiratory syndrome', 'ether']"
f54fc993a59b13a738b7167fe6052327ddb297d9,"['influenza', 'rosin', 'cytarabine', 'cytidine', 'tic', 'remdesivir', 'venezuelan equine encephalitis', 'middle east respiratory syndrome coronavirus', 'tyrosine', 'inositol', 'escherichia coli', 'middle east respiratory syndrome', 'adenosine', 'histamine', 'ether', 'chloroquine']"
697ed1b5ce6fda0e877550967f762bd6f29d00b7,"['oxygen', 'carbon dioxide', 'tic', 'creatinine', 'nitrogen', 'fatigue', 'urea', 'cough', 'alanine', 'nr', 'severe acute respiratory syndrome']"
e901cf35efbad09a224f2c500f7aef1f6d2d3b6a,"['tic', 'ether']"
478ba63e9a318f16e5f90909358c2b4dd68f1395,"['influenza', 'oxygen', 'tic', 'rigi', 'nr', 'ether']"
31e67053158e68f513214a7a33046b5cc5f26249,"['pam', 'insulin', 'tic', 'royal jelly', 'phenol', 'pica', 'nr', 'ether', 'honey']"
01e3b313e78a352593be2ff64927192af66619b5,"['transcription', 'tic', 'falls', 'apoptosis', 'pica', 'ether', 'elm']"
907da65e13cde5d7ad71f304967a7ab9dcb5efa1,"['erk', 'transcription', 'tic', 'aspartic acid', 'streptomycin', 'cycloheximide', 'aprotinin', 'urea', 'serine', 'apoptosis', 'agar', 'pica', 'pepstatin', 'simian virus 40', 'ether']"
70242f0f937a11c385935ef0242ab86b56dbcdad,"['cox', 'tic', 'respiratory distress', 'fatigue', 'cough', 'thc', 'alanine', 'nr', 'ether']"
d85d142716f7f85cd27b54fc38a9e2968cf14346,"['influenza', 'transcription', 'respiratory syncytial virus', 'tic', 'human metapneumovirus', 'rhinovirus', 'adenovirus', 'nr']"
b8d97f4fa91c3d970847aec94924658cf39f8450,"['tic', 'falls', 'obesity', 'rigi', 'thc', 'severe acute respiratory syndrome', 'ether']"
c3abd52e68b8c1c57133575274ce214e05f24aa7,"['tic', 'fits', 'senega', 'thc', 'nr', 'elm']"
1879e41144770caf5cbce520c11c99d296526ce1,"['tic', 'lime', 'pain', 'respiratory distress', 'rigi', 'pica', 'orf', 'helium', 'ether']"
5bb89950ec5a06e2b7f69b2a9c4213dda19b1ab0,"['tic', 'ebola virus']"
2791274abdc77ce936d835faeaaa9bd65959c148,"['tic', 'pain', 'high blood pressure']"
518b635f78bdc65dc6666380eafc3b7a283b3af7,"['tic', 'endocrine', 'dengue', 'yellow fever', 'pica', 'ether']"
923c91ab64b4e914184fd1764956724cef359992,"['influenza', 'tlr', 'transcription', 'tic', 'ifn', 'hepatitis b', 'type i ifn', 'rigi', 'zika virus', 'thc', 'orf', 'alanine', 'severe acute respiratory syndrome', 'ether', 'ribavirin']"
c5269a7c32a9fd92159d03dc22de1545fcfeb803,"['influenza', 'tic', 'pain', 'falls', 'fits', 'pica', 'nr', 'ether']"
493aa8aa2e9122620b1dcaf102ab62e643ad5632,"['tic', 'urea', 'nr']"
5a51f0a5a8d59d0e6598256bbb2a411196bd2d72,"['influenza', 'transcription', 'covid19', 'tic', 'water', 'pica']"
2fe18190f7b54e589dccf1d3bbfd73e87bfd2ab9,[]
2d0285c90976dfa43d58eca6b7d1d7ef29994fc2,"['cox', 'oxygen', 'tic', 'glutathione', 'pain', 'respiratory distress', 'ethanol', 'papain', 'dipyridamole', 'pica', 'aved']"
69652cf406c9648b8aa061bfb0af1d20449c9524,"['influenza', 'covid19', 'respiratory syncytial virus', 'tic', 'arginine', 'proline', 'water', 'rigi', 'rhinovirus', 'pica', 'hh', 'nr', 'severe acute respiratory syndrome', 'lysine']"
8b2e50eb3ea84225580fbdbccccb4fcd3f062feb,"['tic', 'rigi', 'severe acute respiratory syndrome']"
60a2f2907db9aeacdba6bdd31801ce9687a9134d,"['covid19', 'tic']"
54ae20515fcef8417e255b19df1a5bf6f2ab40bb,"['tic', 'thc', 'severe acute respiratory syndrome']"
bdad36874ec95a2edeed70a4d4484dd99b3fdd38,"['cox', 'oxygen', 'tic', 'ifn', 'respiratory distress', 'fatigue', 'chemokine', 'cough', 'apoptosis', 'rigi', 'nr', 'severe acute respiratory syndrome']"
d7701711485f822c0f43df58b48faf6a433028c4,"['influenza', 'tic']"
9f9301134207ea0ff80f0e6cbe21647686c0586f,"['covid19', 'tic', 'pain', 'bladder cancer', 'prostate cancer', 'obesity', 'rigi', 'nr', 'breast cancer']"
d10ff5d67fb2f98d197072a87f75f1b5ca773491,"['influenza', 'tic', 'fits', 'rigi', 'thc', 'ether']"
538632fe0548a99c7db35480edcd74802237c1df,"['tic', 'asthma']"
69f473aee22a4ac8df15a54a6109b70b1ae9b7e7,"['osteosarcoma', 'glutamine', 'erk', 'betaine', 'transcription', 'rosin', 'leucine', 'tic', 'rheumatoid arthritis', 'autophagy', 'nitrogen', 'histidine', 'tryptophan', 'tyrosine', 'propane', 'falls', 'phenol', 'rheumatoid', 'fits', 'streptomycin', 'inositol', 'ethanol', 'paraformaldehyde', 'ebola virus', 'glutamic acid', 'arginine', 'dexamethasone', 'tgfb', 'escherichia coli', 'propionic acid', 'water', 'dimethyl sulfoxide', 'choline', 'glucocorticoid receptor', 'formaldehyde', 'sucrose', 'pica', 'alanine', 'aved', 'nr', 'fibronectin', 'ether', 'glucose', 'cholesterol', 'elm', 'lysine']"
510ecab01c66bc2a911abcf67451ec482ed18a05,"['influenza', 'oxygen', 'tic', 'respiratory distress', 'obesity', 'pica', 'nr']"
125677351ae5741aaf5aa34ba088e4328584450d,"['tic', 'rigi', 'middle east respiratory syndrome', 'ether']"
c458b5e343ace60a8aca3a6549426ae22e4d8d33,"['influenza', 'tic', 'pectin', 'urea', 'rigi', 'pica', 'nr', 'ether']"
3c560458a56d6892f99e119722f146832322a03a,"['measles', 'thyroid', 'transcription', 'tic', 'endocrine', 'stomatitis', 'respiratory distress', 'fatigue', 'hepatitis c', 'glycine', 'headache', 'cough', 'pseudomonas aeruginosa', 'obesity', 'hepatitis c virus', 'captopril', 'rigi', 'vesicular stomatitis virus', 'angiotensin ii', 'middle east respiratory syndrome', 'pica', 'orf', 'other ras', 'aved', 'nr', 'severe acute respiratory syndrome', 'helium', 'ether', 'rabies']"
d282b79ca6f7cafe79c135b5d21101eb54312651,"['influenza', 'tic', 'pectin', 'common cold', 'pain', 'breathlessness', 'rigi', 'middle east respiratory syndrome', 'thc', 'nr', 'severe acute respiratory syndrome']"
0aa7b98cc8bb812da1cc308b833799bbc48e042d,"['tic', 'rigidity', 'rigi', 'ether']"
8ecda545cc20407a108cb59018ec349541259da3,"['influenza', 'covid19', 'tic', 'endocrine', 'common cold', 'pain', 'respiratory distress', 'fatigue', 'myalgia', 'headache', 'cough', 'thrombocytopenia', 'rigi', 'middle east respiratory syndrome', 'chest pain', 'pica', 'nr', 'severe acute respiratory syndrome', 'abdominal pain']"
9211b1703c76e20afdee8fcb9f7996edadef0e9e,"['pam', 'influenza', 'tic', 'common cold', 'constipation', 'pain', 'nitazoxanide', 'aids', 'middle east respiratory syndrome coronavirus', 'interferon alfa', 'cough', 'water', 'middle east respiratory syndrome', 'thc', 'ether', 'elm', 'ribavirin']"
79cba2665ffa5fb3f4fdc71da8a42e7a0dac9616,"['influenza', 'tic', 'pain', 'etl', 'thc', 'nr', 'ether']"
905ff29124af7e2b7698a6816dee5f1ee7065a85,"['erk', 'tic', 'falls', 'rigi', 'pica']"
9bbfd3d34ee18ea1b9f4669331a6cee9c5992893,"['parainfluenza', 'influenza', 'nisch', 'respiratory syncytial virus', 'tic', 'rigi', 'human metapneumovirus', 'rhinovirus', 'pica', 'adenovirus', 'nr', 'severe acute respiratory syndrome', 'ether']"
297f36eeb998b4e8729a0cbdf958671e9909edc1,"['tenofovir alafenamide', 'tic', 'tenofovir', 'nitrogen', 'histidine', 'aids', 'hepatitis b', 'marburg virus', 'hepatitis c', 'hepatitis b virus', 'ethanol', 'alovudine', 'ebola virus', 'dengue', 'hepatitis c virus', 'sofosbuvir', 'adenosine', 'rhinovirus', 'agar']"
ff6bd29c8ecd325c4edddb2b050d5f4919db6112,"['influenza', 'tlr', 'erk', 'transcription', 'rosin', 'oxygen', 'tic', 'ifn', 'sodium acetate', 'influenza a virus', 'salmonella', 'tyrosine', 'type i ifn', 'pi3k', 'chemokine', 'streptomycin', 'ethanol', 'avian influenza', 'tnf', 'escherichia coli', 'water', 'apoptosis', 'agar', 'cytomegalovirus', 'diabetes mellitus', 'nr', 'ether']"
87055d4a879db6a01362a6954d7d0959bef8aa87,"['tic', 'falls', 'rigi', 'pica']"
06d12dc5ac32d82387c65370d0a600e13059122d,"['tic', 'pica', 'adenovirus', 'vaccinia']"
f6cadf1f17cc7bd098174c1428a459aff01aa4a5,"['tic', 'respiratory distress', 'cough', 'rigi', 'thc', 'cardiac arrest', 'severe acute respiratory syndrome', 'ether']"
3461d71f6890f7e5ba53bf168be3945cdb16d901,"['influenza', 'tic', 'influenza a virus', 'middle east respiratory syndrome coronavirus', 'avian influenza', 'glutamic acid', 'ticks', 'rigi', 'middle east respiratory syndrome', 'orf', 'nr', 'severe acute respiratory syndrome', 'ether', 'elm', 'lysine']"
a3b3d6bd47a42fed114e4b0af5c15b4d7ffdc9f4,"['tic', 'fits', 'rigi', 'thc', 'ether', 'elm']"
2f6efc4edc0c9fffd3acc810efd8616e7772b28a,"['tic', 'glycine', 'serine', 'methionine', 'rigi', 'ether']"
8bb82a543720a74015bce24945dc0955b666ae7d,"['influenza', 'oxygen', 'tic', 'urea', 'wnt', 'thc', 'pica', 'elm']"
6fcf4019b0be24071210f97eda4baba53a6a79de,"['oxygen', 'tic', 'fatigue', 'myalgia', 'cough', 'thrombocytopenia', 'rigi', 'pica', 'severe acute respiratory syndrome', 'ether']"
bcef0894cf382a83c2aa4d9c803978780c2809db,"['influenza', 'measles', 'transcription', 'measles virus', 'tic', 'stomatitis', 'influenza a virus', 'phenol', 'streptomycin', 'ethanol', 'pronase', 'vesicular stomatitis virus', 'ammonium chloride', 'pica', 'biotin', 'ether']"
b787353f562f7017c8f3131062c73cd45b86bccf,"['tic', 'pain', 'rigi']"
395e8569a0e6fc129029cb0b8cda1f7381954976,"['influenza', 'lard', 'cox', 'tic', 'influenza a virus', 'streptomycin', 'amphotericin b', 'water', 'rotavirus', 'astrovirus', 'pica', 'gentamicin', 'ether']"
b8590e57a8d5e509fb852ef55a4d2243a8e57e51,"['alcohol', 'tic', 'ethanol', 'rigi', 'ether']"
ecdbe4f84b2227c7cb8460bd851fa826982f8351,"['influenza', 'alcohol', 'tic', 'respiratory distress', 'phenol', 'ethanol', 'cough', 'water', 'rigi', 'thc', 'pica', 'sodium chloride', 'severe acute respiratory syndrome', 'ether']"
b6d2052bb9aef4f3b1d21e86ca164cd43d020857,"['tic', 'water', 'nr', 'severe acute respiratory syndrome', 'ether']"
d4275904d28500fa96d644c5304d3b627ba24461,"['tic', 'pica', 'ether']"
d4fe683366f2ae526f63f4cb999e06e2c56ccf3b,"['oxygen', 'tic', 'thc', 'severe acute respiratory syndrome']"
bf013151c39358fb0c19ad4dee802a9ccb7fb0ac,"['paraffin', 'tic', 'chronic obstructive pulmonary disease (copd)', 'angiotensin ii', 'nr', 'severe acute respiratory syndrome', 'helium', 'ether']"
13bf9fe0df944c0ee0debb0d445527ad4418cc19,"['influenza', 'tic', 'nr']"
d61aa25d7cd427efdcc9c50b9d586df093d5a67a,"['nisch', 'tic', 'dengue', 'cytomegalovirus', 'adenovirus', 'severe acute respiratory syndrome', 'ether']"
b5161b031c7f720562e94735a018d1c3c8be3ae5,"['smallpox', 'influenza', 'measles', 'tic', 'ebola virus', 'malaria', 'zika virus', 'lassa fever', 'nr']"
811338b8a1cbfa4bee7c50f6358230fe72f479ba,"['influenza', 'alcohol', 'tic', 'thc', 'ether']"
adb09e4e5c7331b2aa661b3d3bb0a643e00d11bc,"['tic', 'rigi', 'aved']"
4a908bb4c3229f4128139e44e69529f0c2d1666d,"['influenza', 'tic', 'common cold', 'aids', 'middle east respiratory syndrome coronavirus', 'plague', 'middle east respiratory syndrome', 'pica', 'severe acute respiratory syndrome', 'ether']"
71b5efee7d4d7de8ed88da63c0fa12944a811dc4,"['tic', 'stomatitis', 'vesicular stomatitis virus', 'pica', 'ether']"
9fdbb6608e30de7dd0e3eff4232cdd50e892dd8e,"['erk', 'tic', 'wnt', 'nr', 'ether']"
feb8807e8418fdd6c4b8816ea761c9a68767a407,"['glutamine', 'tic', 'zein', 'phenol', 'water', 'agar', 'hemin', 'nr', 'ether']"
d4cfb1fc4fc53abbc1d4b0ca60276c6af6632c3c,"['tic', 'ifn', 'fatigue', 'chemokine', 'methylprednisolone', 'myalgia', 'headache', 'cough', 'prednisolone', 'tnf', 'pica', 'alanine']"
28b107243576723248ad4053261000311a22f134,"['influenza', 'tlr', 'transcription', 'tic', 'salmonella typhi', 'ifn', 'shigella flexneri', 'nlr', 'hepatitis b', 'salmonella', 'calcium', 'hepatitis c', 'chemokine', 'helicobacter pylori', 'hepatitis c virus', 'methionine', 'tnf', 'escherichia coli', 'apoptosis', 'herpes simplex', 'choline', 'porphyromonas gingivalis', 'hh', 'orf', 'nr', 'ether', 'glucose', 'cholesterol', 'aspergillosis', 'legionella pneumophila']"
fffcd4b4f4e89c84d865aef16b051d162f27d40f,"['transcription', 'insulin', 'oxygen', 'tic', 'respiratory distress', 'fatigue', 'cough', 'scra', 'angiotensin ii', 'hif1', 'pica', 'nr', 'helium', 'ether']"
2af91bbb625d983d5ad3aadb9e5f1d82268a0f1f,"['thyroid', 'cox', 'tic', 'pain', 'chronic pancreatitis', 'respiratory distress', 'fatigue', 'mumps', 'cough', 'herpes simplex', 'nr', 'severe acute respiratory syndrome', 'ether', 'abdominal pain']"
7698ec48a89a682cb52c066e293567fa3e83b7dd,"['influenza', 'transcription', 'tic', 'avian influenza', 'ether']"
cc810b2056e14b73fd9783713760f0ec74c5a8c1,"['tic', 'respiratory distress', 'rigi', 'thc', 'helium', 'ether']"
bfb0e7a48816ddf632239b222b0ce4124e1e8cf5,"['alcohol', 'tic', 'water', 'rigi', 'diarrhoea', 'thc', 'ether']"
0015023cc06b5362d332b3baf348d11567ca2fbb,"['transcription', 'tic', 'rigi']"
5e8757af7fcd302418b8e8f1b677d7dbe9091385,"['tic', 'thc', 'aved']"
4e74fa29e6eb9dfba40b7c3b2af788f93cf14564,"['influenza', 'tic', 'pain', 'influenza a virus', 'hepatitis a', 'rigi', 'orf', 'nr', 'severe acute respiratory syndrome']"
eaf0b485f290fa884dd18de71be79d86de20eb31,"['influenza', 'tic', 'middle east respiratory syndrome coronavirus', 'cough', 'rigi', 'middle east respiratory syndrome', 'nr', 'severe acute respiratory syndrome', 'ether']"
9bf79ddffb9b8f84da316dbb52d09d960f164739,"['tic', 'cough', 'water', 'thc', 'biotin', 'ether']"
9231e9d6dd98dca26e67eaf02eea8c0ad0bcce3b,"['influenza', 'tic', 'thc', 'ether']"
584b43ae1d473b93ad7b6c95d681e8f356ba82cd,"['erk', 'tic', 'falls', 'fits', 'rigi', 'thc', 'pica', 'nr', 'ether']"
d7e08779e824ef1ed55a643a4da70dbd2c67dcc5,"['influenza', 'tic', 'cough', 'nr', 'ether', 'elm']"
68560582d42e74cad46b481b7f11722bafb5f081,"['influenza', 'tic', 'pain', 'rigi', 'orf', 'aved', 'severe acute respiratory syndrome', 'ether']"
5f390d49e1013bb9d4e4e7ece57004c4538737c1,"['covid19', 'tic', 'respiratory distress', 'cough', 'thrombocytopenia']"
348db141e734a5d46bf9cea528a53c996f92e92f,"['tuberculosis', 'tic', 'pica', 'nr']"
aa4423bd6bbf65648e770756f17092913a5a79a6,"['tic', 'fatigue', 'cough', 'severe acute respiratory syndrome', 'ether']"
f7b9a1ebf3e00e488bdc4bd500dd2184dbf20364,"['lopinavir', 'ritonavir', 'cox', 'oxygen', 'tic', 'remdesivir', 'ifn', 'creatinine', 'nitrogen', 'respiratory distress', 'fatigue', 'type i ifn', 'myalgia', 'urea', 'headache', 'cough', 'water', 'middle east respiratory syndrome', 'alanine', 'sarilumab', 'severe acute respiratory syndrome', 'ether', 'glucose', 'elm', 'chloroquine']"
d0a79793b9d63b41e09b4af1e0d5a2d021c6afcb,"['tic', 'cough', 'rigi', 'aved', 'ether']"
3843689b55794bbb8b950d7180899674ddc7e933,"['influenza', 'lopinavir', 'ritonavir', 'tic', 'remdesivir', 'ifn', 'rigi', 'hydroxychloroquine', 'severe acute respiratory syndrome', 'chloroquine']"
73c8af41cfdbf52c0dfba37727e3b94cb56b495e,"['tlr', 'valine', 'transcription', 'tic', 'common cold', 'chikungunya virus', 'glycine', 'rigi', 'zika virus', 'orf', 'alanine', 'ether', 'ribavirin']"
4de1480ef058af6f4a43f5fc13aab543cd8dd088,"['tic', 'pain', 'hiv infection', 'fits', 'rigi', 'ether', 'elm']"
7677310b4e43cfaff6fd4ad53636fa80de589fd2,"['tic', 'ether']"
0255ea4b2f26a51a3bfa3bd8f3e1978c82c976d5,"['transcription', 'tic', 'nitrogen', 'wnt', 'scra', 'water', 'rigi', 'agar', 'pica', 'sodium chloride', 'biotin', 'ether']"
849f38fd380726f9b8065a51c55e45ae7d0118cf,"['tic', 'pectin', 'pica']"
d1e6e4ad4c6258fdb4e00a44fcaac11a808900c1,"['tic', 'rigi', 'pica']"
f14434d7d3b68f4fe7f68adba747b7700ccdd6ac,"['tic', 'creatinine', 'cough', 'pica', 'nr', 'ether']"
516415a9a48ce502ff279fcaebcef641fa74c630,"['tic', 'hydrogen peroxide', 'thc']"
396c98994ac34692a5fa7f8502fb33cebc54445a,"['tic', 'ebola virus', 'sleep disturbance', 'nr']"
430088e2d738c4c20413082888b2666668c9105f,"['influenza', 'cox', 'oxygen', 'tic', 'ifn', 'creatinine', 'ahr', 'respiratory distress', 'fits', 'ebola virus', 'lactic acid', 'cachexia', 'tnf', 'rigi', 'adenovirus', 'nr', 'ether', 'glucose', 'cholesterol', 'elm']"
598b8f280571ace476ad56a469e7959918fa7958,"['tic', 'ebola virus', 'rigi', 'gentamicin']"
0d4432c32daefa6f0d711ca35eca81188e0bccdf,"['tic', 'rigi', 'pica']"
4e7cd4e923777d6caaa76bb2b93f6121bcd5b6a3,"['glutamine', 'transcription', 'tic', 'fatigue', 'ticks', 'headache', 'rigi', 'sucrose', 'thc', 'hemin', 'orf']"
35604e3a5d38d6794543372e4dd9ccf1d8d9cd2a,"['tic', 'rigi', 'nr', 'severe acute respiratory syndrome', 'ether', 'elm']"
a59906b732bf4a489e282c3e4f499d4166c622e7,"['influenza', 'human papillomavirus', 'tuberculosis', 'cox', 'streptococcus mutans', 'tic', 'influenza a virus', 'salmonella', 'marburg virus', 'rash', 'ethanol', 'kyasanur forest disease', 'yersinia pseudotuberculosis', 'ether']"
b51d1c7287ac75790a52752489577d33d522898b,"['tic', 'fatigue', 'myalgia', 'headache', 'cough', 'rigi', 'thc', 'severe acute respiratory syndrome', 'helium']"
1b9d83fa3ea95afd2c02bafee910890751dd94ec,"['tic', 'severe acute respiratory syndrome']"
33a6aa86bb6fe30251d7f2c1f64c5b7a94c391a0,"['transcription', 'tuberculosis', 'tic', 'ifn', 'fatigue', 'chronic obstructive pulmonary disease (copd)', 'cough', 'rigi', 'mycobacterium tuberculosis', 'thc']"
7b89a657dde3e5888c31d1d5ef3b90ceb0f66a62,"['influenza', 'mitomycin', 'tic', 'ifn', 'ahr', 'asthma', 'rigi', 'thc', 'nr', 'ether']"
27d2a39228be51b570f2339e44b2cb1a94713683,"['transcription', 'tic', 'ether']"
b8bb4db131a25b1bbb30d4205b16dc9ef988d22f,"['lopinavir', 'ritonavir', 'tic', 'rigi', 'nr', 'severe acute respiratory syndrome']"
317943dec06b88c1c62ef0ecd832f0d644b1d417,"['tic', 'rigi', 'thc', 'ether', 'elm']"
53726a84035f04167440dde803026c996d8794c0,"['pam', 'lopinavir', 'tlr', 'melanoma', 'ritonavir', 'transcription', 'oxygen', 'tic', 'acetaminophen', 'ifn', 'headache', 'cough', 'azithromycin', 'tnf', 'malaria', 'middle east respiratory syndrome', 'thc', 'chloroquine']"
3fe2552d3d8e6c9ead2c41e30fbb69e917277f53,"['pam', 'influenza', 'thyroid', 'tic', 'creatinine', 'glutathione', 'nitrogen', 'influenza a virus', 'fatigue', 'calcium', 'thrombin', 'rheumatoid', 'amlodipine', 'myalgia', 'urea', 'verapamil', 'cough', 'apoptosis', 'diarrhoea', 'diltiazem', 'ether']"
e917bb0f4f89520b6be9b52df77dd6ef0d050d92,"['tic', 'pain', 'thc']"
dfbe7868f726dc0bc51927fbf95f4b25e64173d4,"['influenza', 'transcription', 'tic', 'pain', 'respiratory distress', 'fatigue', 'back pain', 'papain', 'myalgia', 'headache', 'cough', 'rigi', 'middle east respiratory syndrome', 'orf', 'severe acute respiratory syndrome', 'ether']"
48656efc59191537073975938f25f201524971af,"['influenza', 'lopinavir', 'ritonavir', 'cox', 'oxygen', 'tic', 'common cold', 'acetylcysteine', 'respiratory distress', 'nlr', 'influenza a virus', 'fatigue', 'oseltamivir', 'methylprednisolone', 'cough', 'prednisolone', 'rigi', 'middle east respiratory syndrome', 'lcysteine', 'severe acute respiratory syndrome']"
68c019e27e6596ffe4f8b1e6def86514f2a8e199,"['smallpox', 'smallpox vaccine', 'tic', 'japanese encephalitis vaccine', 'monkeypox', 'aids', 'hepatitis b', 'hepatitis c', 'hepatitis b virus', 'japanese encephalitis', 'acquired immunodeficiency syndrome', 'hepatitis c virus', 'norovirus', 'water', 'rotavirus', 'yellow fever', 'middle east respiratory syndrome', 'thc', 'pica', 'multiple myeloma', 'severe acute respiratory syndrome', 'ether', 'rabies']"
dbefc8ad2a3de5d1696b7e604de8bce1da2ea8cd,"['ciclesonide', 'lercanidipine hydrochloride', 'digoxin', 'tic', 'lercanidipine', 'remdesivir', 'human cytomegalovirus', 'niclosamide', 'regorafenib', 'nelfinavir mesylate', 'middle east respiratory syndrome coronavirus', 'digitoxin', 'calcium', 'cycloheximide', 'potassium', 'atovaquone', 'benidipine', 'benidipine hydrochloride', 'herpes simplex', 'dimethyl sulfoxide', 'middle east respiratory syndrome', 'nelfinavir', 'cytomegalovirus', 'octocrylene', 'ether', 'permethrin', 'chloroquine']"
973f1b5d226c92cec10b03c791c8cf1829ec8b4f,"['oxygen', 'tic', 'respiratory distress', 'pica']"
e93ba7d8a047795d5ec114741f32f5b18e8567c7,"['influenza', 'tic', 'nr', 'ether', 'elm']"
e1200121af466e437f3cf17aa10654b7725edb07,"['influenza', 'tic', 'thc', 'nr', 'ether', 'elm']"
5f6a410a4ba086b296100a8a5a10df59eb337c90,"['tic', 'thc', 'nr']"
729a9faa0dd40ae0392c7590418583096673a5b4,"['tic', 'thc', 'nr', 'severe acute respiratory syndrome', 'ether']"
60c2274562d67bf0b49036377482de22aaafc47c,"['tic', 'rigi', 'pica', 'nr', 'ether']"
d82fe700418fb6494ffb9a2c0cf4f6b8012b3824,"['valine', 'tic', 'common cold', 'uracil', 'threonine', 'fluorouracil', 'glycine', 'serine', 'proline', 'rigi', 'dimethyl sulfoxide', 'pica', 'alanine', 'fluorescein', 'ether']"
d618a596def847bdfc19991c694e09bdeccf2287,"['tic', 'ebola virus', 'rigi']"
d548934676e1a7e52a001348244b52760e5a2ad4,"['melanoma', 'transcription', 'tic', 'pain', 'carmofur', 'uracil', 'colorectal cancer', 'fluorouracil', 'papain', 'aved', 'nr']"
17c0ca9c70cf4675f5c5e8e0366fd8b89dffdb96,"['tic', 'cough', 'denatonium benzoate', 'water', 'saccharin', 'pica', 'sodium bicarbonate']"
f8190a2452a9b54451f64af26bd9613c76eedeea,"['covid19', 'tic', 'pectin', 'stomatitis', 'pain', 'ethylene oxide', 'streptomycin', 'hydrogen peroxide', 'rigi', 'vesicular stomatitis virus', 'nr', 'ether']"
5374643935869e8387e9a923b3841d4942e874bf,"['wine', 'tic', 'rigi', 'severe acute respiratory syndrome', 'ether']"
18d2115a15ed7d4f2be6ffe83165bfe3859b3462,"['wine', 'transcription', 'tuberculosis', 'tic', 'rigi', 'severe acute respiratory syndrome', 'ether']"
ffbf8ea9948d73572fd052a74afa01b19e6758a3,"['tic', 'fits', 'ether']"
553ee978cf0dbcd9955699dbcb6f30b776d61e98,"['tic', 'remdesivir', 'malaria', 'rigi', 'pica', 'ether', 'chloroquine']"
96ef1767754a53f792951ba1752440ae94e90c60,"['tic', 'ifn', 'tnf', 'proline', 'rigi', 'ether']"
26cb6703ca72bf97887abbc29a40b1bd9d7890f4,"['erk', 'transcription', 'insulin', 'tic', 'hepatocellular carcinoma', 'sodium selenite', 'cholangiocarcinoma', 'squamous cell carcinoma', 'cobimetinib', 'streptomycin', 'ethanol', 'pancreatic cancer', 'paraformaldehyde', 'urea', 'dexamethasone', 'water', 'puromycin', 'rigi', 'gemcitabine', 'formaldehyde', 'thc', 'orf', 'nr', 'gentamicin', 'ether', 'glucose', 'honey', 'elm', 'mapk']"
f3959de141636460ded8993c5eedeebae88fe87d,"['lopinavir', 'tic', 'respiratory distress', 'hepatitis b', 'fatigue', 'glycyrrhizin', 'myalgia', 'cough', 'tnf', 'middle east respiratory syndrome', 'alanine', 'severe acute respiratory syndrome', 'ether']"
683416e300a4f4075835852558855b07c342bd72,"['galactose', 'glucosamine', 'tic', 'benzoic acid', 'ethanol', 'proline', 'microcephaly', 'zika virus', 'sucrose', 'lactose', 'orf', 'ether', 'glucose', 'anencephaly']"
d76bdeda315450c2c4c87fd8140d71d6dc3d7370,"['influenza', 'tic', 'remdesivir', 'fits', 'hydroxychloroquine', 'thc', 'pica', 'nr', 'ether', 'chloroquine']"
0ba237a25b826c4946fd1609d2144654ebd61f1c,"['influenza', 'doxycycline', 'transcription', 'tic', 'limp', 'stomatitis', 'respiratory distress', 'scot', 'calcium', 'shingles', 'dengue', 'malaria', 'puromycin', 'rigi', 'vesicular stomatitis virus', 'angiotensin ii', 'zika virus', 'aved', 'nr', 'severe acute respiratory syndrome', 'ether']"
7852aafdfb9e59e6af78a47af796325434f8922a,"['tic', 'creatinine', 'nitrogen', 'respiratory distress', 'fatigue', 'myalgia', 'urea', 'cough', 'orf', 'nr', 'ether']"
e6760909172e31d5a2c4dc9af505a62a929ad52c,"['tic', 'falls', 'fits', 'urea', 'rigi', 'thc', 'pica', 'nr']"
1f65cad83a480573c71ab26c4a544757ff66067d,['tic']
515d0c8dd3d5e837775f19c7b2577f2d2e8e3b88,"['transcription', 'tic', 'water', 'rigi', 'thc', 'pica', 'orf', 'severe acute respiratory syndrome', 'ether']"
41d412415c46baf70ca91ebf049c0352ead19f18,"['glutamine', 'tic', 'glutathione', 'nitrogen', 'histidine', 'rigidity', 'piperazine', 'propane', 'thrombin', 'fits', 'inositol', 'ethanol', 'serine', 'water', 'puromycin', 'ethylenediamine', 'rigi', 'choline', 'rhinovirus', 'agar', 'sucrose', 'thc', 'pica', 'sodium chloride', 'hh', 'aved', 'nr', 'biotin', 'ether', 'cholesterol', 'lysine']"
fa55007c89ee10ce8b8062128dbe93eb2516c36a,"['tic', 'aids', 'rigi']"
02201e4601ab0eb70b6c26480cf2bfeae2625193,"['influenza', 'tic', 'pain', 'fits', 'headache', 'cough', 'pica', 'ether']"
e2dab77d4f10b7899ff43439f3b7f061c3befda6,"['lopinavir', 'tic', 'favipiravir', 'methylprednisolone', 'prednisolone', 'tocilizumab', 'nr', 'severe acute respiratory syndrome']"
a3933c4d6f65e0291f94b92a3141e1da1b7715bf,"['oxygen', 'tic', 'nitrogen', 'respiratory distress', 'falls', 'potassium', 'lactic acid', 'urea', 'scra', 'rigi', 'diabetes mellitus', 'pica', 'acute heart failure', 'breast cancer', 'ether', 'glucose', 'pneumothorax', 'elm']"
c018df40feabe6866eb5b8206b7054d01be8475e,"['tlr', 'transcription', 'tic', 'pain', 'histidine', 'scra', 'escherichia coli', 'water', 'rigi', 'orf', 'aved', 'nr']"
59b585747f7b8fe57d10f2c7504cd7cd38bd87c5,"['tic', 'water', 'rigi', 'middle east respiratory syndrome', 'severe acute respiratory syndrome', 'ether']"
aac94361fff1512d252a8e580f8bb56bad25c8cb,"['influenza', 'covid19', 'tic', 'ahr', 'aids', 'rigi', 'thc', 'nr', 'severe acute respiratory syndrome', 'ether']"
1e48223ccda9ec1fa91dc5f2348e40c217c513e7,"['influenza', 'tic', 'common cold', 'pain', 'fatigue', 'cough', 'diarrhoea', 'anosmia', 'chest pain', 'nr', 'ether', 'abdominal pain', 'elm']"
2cc809ed4d5c3640ee2351fdb1876e8ff6c01b51,"['tic', 'falls', 'ebola virus', 'thc', 'severe acute respiratory syndrome', 'ether', 'elm']"
8c210df7072bc88fa7d2da72b25c84430c16f5e8,"['transcription', 'tic', 'middle east respiratory syndrome coronavirus', 'glutamic acid', 'middle east respiratory syndrome', 'orf', 'nr', 'severe acute respiratory syndrome']"
57c5661bf42468bb2898c1e26aa18a0d02237bfc,"['oxygen', 'tic', 'pain', 'fatigue', 'cough', 'ether', 'elm']"
544f23d64a007c69bc637743a3ebe7809d9c9c69,"['influenza', 'tic', 'fits', 'diarrhoea', 'thc', 'pica', 'ether']"
618cd102ec5051a05ca5131e21961c964152f15c,"['nipah virus', 'tic', 'cough', 'testosterone', 'adenovirus', 'ether', 'rabies']"
7a51b191fd6575831585eee67a0ac67f209d8fcb,"['doxycycline', 'tic', 'orf', 'nr', 'ether']"
227002d1833cfefb0e75033df14a87c7ca8f4d16,"['influenza', 'tic', 'pain', 'aids', 'water', 'rigi', 'pica', 'hh']"
c3c1f7896932b6295deccd52b23336f3149720fc,"['tic', 'fits', 'thc']"
e01948b342544a5fcd8c14d757501779029c6d6d,"['tuberculosis', 'tic', 'scot', 'hiv infection', 'ticks', 'dengue', 'malaria', 'anthrax', 'pica', 'ether', 'rift valley fever', 'elm']"
8fdf4054b1e75ce6ec43d6284f16e9b49d6f3e1d,"['tic', 'pain', 'respiratory distress', 'cough', 'rigi', 'nr', 'ether']"
e9895961fa3aee4ebcaa947a2111ec9e64cbbfbf,"['influenza', 'tic', 'oseltamivir', 'apoptosis', 'rigi', 'thc', 'diabetic retinopathy', 'nr', 'severe acute respiratory syndrome', 'ether']"
6f86b074f8b9da74fbf32a1886f143cbd9aa5ca2,"['influenza', 'cox', 'oxygen', 'tic', 'mumps', 'marburg virus', 'oseltamivir', 'serine', 'estradiol', 'cough', 'testosterone', 'male infertility', 'progesterone', 'zika virus', 'infertility', 'nr', 'ether']"
837056cb9cb01b2f15c39e7e342a3c47bfcc24cf,"['transcription', 'tic', 'pain', 'nitrogen', 'papain', 'cell cycle', 'apoptosis', 'thc', 'nr', 'ether']"
5ec284329dfa97be65ed5e598c40426f03499186,"['tic', 'fits', 'rigi', 'nr', 'ether']"
b117016a887f05386acc4387dab5bf8c769cf90e,"['tic', 'rigi', 'pica']"
f2625956e5f4b059a24e8e779bb417550fa9a7fa,"['jaundice', 'leptospirosis', 'tic', 'marburg virus', 'fits', 'ebola virus', 'viral haemorrhagic fever', 'dengue', 'typhoid fever', 'malaria', 'water', 'rigi', 'yellow fever', 'h syndrome', 'diarrhoea', 'thc', 'pica']"
db9b9f34fb37dfbeef7e0e900e834e982536de56,"['tic', 'fits', 'azithromycin', 'rigi', 'hydroxychloroquine', 'chloroquine phosphate', 'nr', 'severe acute respiratory syndrome', 'ether', 'chloroquine']"
03ea3a614b56409d3f099c9ad764864293132540,"['transcription', 'human immunodeficiency virus type 1', 'tic', 'phenol', 'fits', 'puromycin', 'rigi', 'thc', 'pica', 'orf', 'nr', 'succinimide', 'ether']"
a0ecc9b46addbc1faab491434b5331702f7883b8,"['influenza', 'tic', 'water']"
3afd5fba7dc182ddfa769c0d766134b525581005,"['ritonavir', 'transcription', 'tic', 'creatinine', 'respiratory distress', 'thc', 'pica', 'orf', 'ether']"
2c6d2439945988f66f33485cdce1b22c172cfaa7,"['influenza', 'tic', 'cough']"
8bbea65b7bf6b0fc38e8d85608d6d75c1d8aab1a,"['tic', 'obesity', 'cholesterol']"
3b040b06c58315ec7204d5a4e9ee8c51d5a9d3f0,"['tic', 'hydrogen peroxide', 'rigi']"
7eb6cd9756309f5a1d2fd29e417e10886cc84c0e,"['tic', 'rheumatoid arthritis', 'erythema', 'rheumatoid', 'systemic lupus erythematosus', 'nr', 'ether']"
d83e3c028de1950c4f8dedae21eb90f90c4ed6c3,"['pam', 'transcription', 'leishmaniasis', 'tic', 'ifn', 'type i ifn', 'tgfb', 'apoptosis', 'nr', 'ether']"
5cf2bec1530cef38cd0eea173fb90ba1a788e11f,"['pam', 'tic', 'dystonia', 'dopamine', 'ahr', 'rigi', 'tourette syndrome', 'agar', 'pica', 'nr', 'ether']"
8c7fb6f98b24ac12b182dabf71d5112b8ca3c51f,"['influenza', 'transcription', 'tic', 'orf', 'ether']"
6c3e940e2848827af17dd23005a9dee8ac0cd349,"['influenza', 'oxygen', 'tic', 'chikungunya virus', 'hepatitis c', 'phenol', 'fits', 'dengue', 'hepatitis c virus', 'microcephaly', 'water', 'rigi', 'zika virus', 'murray valley encephalitis', 'murray valley encephalitis virus', 'thc', 'pica', 'ether']"
9856876e0f976c1535272fc84aed92d3e2834bed,"['tic', 'fits']"
a11f079f3652b13e131525ee5b691525fac47382,"['tic', 'pica']"
7adf41d2120f3398e13817367c2120ebac6b99b6,['tic']
670790eb6d158a57450705bcd87218bf479ed3be,"['covid19', 'tic']"
bb8e3d331bb2975e1c644c8729b842797da2d626,"['influenza', 'cytidine', 'tic', 'pectin', 'dengue', 'rigi', 'orf', 'ether']"
c7a72eb71c52e09958599184d24d54f833540723,"['tic', 'pain', 'thc', 'nr', 'elm']"
a1bff76ce360e8990b0a4ee2a5228a6e6e63d9c1,"['tic', 'thc', 'severe acute respiratory syndrome']"
a7ac40c0f2083c733cc714e563b21c2d606818c0,"['tic', 'fits', 'rigi', 'nr']"
be6a56d46079b260b47b12d5c5de79d4ecc46315,"['tic', 'pain', 'middle east respiratory syndrome', 'pica', 'severe acute respiratory syndrome', 'ether']"
c62b593bd61dd2dbdd15cb3ce5064614bfbaabc5,"['tic', 'etl', 'fits', 'water', 'middle east respiratory syndrome', 'severe acute respiratory syndrome']"
115fad0dccbe00455572ee7f336b6c5b139ef4d3,"['tic', 'pectin', 'common cold', 'chemokine', 'rigi', 'astrovirus', 'pica', 'orf', 'nr', 'ether']"
190c957d11e41c2310ffc5c93c8b342d42a48fbf,"['tic', 'pain', 'fatigue', 'cough', 'middle east respiratory syndrome', 'severe acute respiratory syndrome', 'ether']"
7af6a15c35df8fed989119cc36b6679175d2a768,"['insulin', 'tic', 'urea', 'propionic acid', 'water', 'lactose', 'ether', 'glucose']"
ba1c4c0de19352d0b9ed7db6199803b621f0a8f2,"['influenza', 'tic', 'generalized anxiety disorder', 'cough', 'water', 'rigi', 'pica', 'severe acute respiratory syndrome', 'ether']"
0fd300aefb704c20f32152b97b6194015f1c74e7,"['tic', 'rigi', 'nr', 'ether']"
d5e95f2d09d207dfcc2133e846efe1318cfd84ba,"['tic', 'diabetic nephropathy', 'apoptosis', 'rigi', 'middle east respiratory syndrome', 'pica', 'nr', 'severe acute respiratory syndrome', 'ether']"
58bc0f2712ea1ced1f886c9fdd17b8cf014e66cb,"['influenza', 'tic', 'plague', 'pica', 'severe acute respiratory syndrome', 'ether']"
7fb7c0c48b30e66dfaea5fdec16d999ed52d1ee0,['tic']
65d724a9e813f7f4891593011ba6788320825f38,"['tic', 'fits', 'plague', 'thc', 'ether', 'elm']"
9e4b67ef6613c31882bb561d28770203da19771b,"['tic', 'rigi', 'pica', 'ether']"
0d7964c665ff0107c674bc6dab8f252cab08038e,"['transcription', 'secretin', 'tic', 'pain', 'royal jelly', 'nitrogen', 'phenol', 'ethanol', 'water', 'rigi', 'agar', 'sucrose', 'nr', 'ether', 'honey', 'elm']"
a599e1921b5ebf166b6e33daa58085198d59b1ed,"['tic', 'creatinine', 'nitrogen', 'respiratory distress', 'middle east respiratory syndrome coronavirus', 'urea', 'cough', 'rigi', 'middle east respiratory syndrome', 'diabetes mellitus', 'alanine', 'nr', 'high blood pressure', 'severe acute respiratory syndrome', 'ether']"
8cca7482514d4947367c4d538d7d33300449b90e,"['tic', 'pain', 'thc', 'ether']"
a7d9440cb3a45994c274d4de41cbaf14343c8a89,"['covid19', 'tic', 'pain', 'fits', 'rigi', 'pica', 'ether', 'elm']"
f9a5880da2dbac60b06c520c9af75985d5d6c24c,"['tic', 'fits', 'rigi', 'pica', 'ether']"
2432c11c72e85783b5afb2605a4d3287973beabf,"['transcription', 'tic', 'respiratory distress', 'cough', 'thc', 'severe acute respiratory syndrome']"
403d885a33958731c4607ea632453e25a89e2b57,"['transcription', 'cox', 'tic', 'calcium', 'daptomycin', 'fits', 'potassium', 'nelarabine', 'rigi', 'rhinovirus', 'agar', 'ether', 'ribavirin']"
e560eb28bb3f35099d2632f80adaa14436516474,[]
7a17b9b40b960c4b35b633afc63c27bb0d0e4d52,"['influenza', 'tic', 'pica']"
3cda134b5b12d6c4f7e16658dded4e6e3db35c2a,"['tic', 'ahr', 'pain', 'respiratory distress', 'fatigue', 'myalgia', 'headache', 'cough', 'glucose']"
64dc33172e117661b2b2dcd252a92df929c98a60,"['measles', 'tic', 'rubella', 'mumps', 'fits', 'rigi', 'pica', 'nr', 'ether']"
b04157f0041a2404b8c0d8403e5fe9313488f8f1,"['transcription', 'tic', 'water', 'thc', 'pica', 'nr', 'ether']"
64478db449af8e4a5645c17f548649a0159da0c6,"['tic', 'pica', 'ether']"
423baddbc6e2994d437e729127a1935b95e2921e,"['tic', 'rigi', 'thc']"
e226beab8af4202a5182f7603fe468dedd5dee6a,"['transcription', 'tic', 'nitrogen', 'temsavir', 'aids', 'raltegravir', 'abacavir', 'fits', 'ethanol', 'rigi', 'rilpivirine', 'aved', 'nr', 'fluorescein', 'ether']"
c299779032ff540342c4ee62102a72c533cdec64,"['tic', 'lymphadenopathy', 'cough', 'rhinovirus', 'pneumothorax']"
09c9fcabc66a106e01ef42247cbd86b6d85bd67f,"['pam', 'doxycycline', 'transcription', 'tic', 'ifn', 'chikungunya virus', 'sindbis virus', 'venezuelan equine encephalitis', 'calcium', 'type i ifn', 'lithium', 'zika virus', 'agar', 'aved', 'nr', 'diphtheria', 'ether']"
4ed084719f40fac25989dbc99d08c2c609b33289,"['parainfluenza', 'influenza', 'human papillomavirus', 'transcription', 'cox', 'oxygen', 'molluscum contagiosum', 'tic', 'lymphocytic choriomeningitis', 'hepatitis b', 'hepatitis c', 'rash', 'hepatitis b virus', 'ebola virus', 'herpes simplex virus 1', 'hepatitis c virus', 'hepatitis d', 'rotavirus', 'herpes simplex', 'rigi', 'agar', 'hepatitis e', 'hh', 'orf', 'nr', 'adenine', 'severe acute respiratory syndrome', 'ether']"
949feecec7c10e71532e860f7f1230bd696e8234,"['tic', 'pain', 'scot', 'cough', 'proline', 'chymotrypsin', 'pica']"
ae66f22f886d3b019934ae237c11a5fb53dbefb2,"['tic', 'middle east respiratory syndrome', 'severe acute respiratory syndrome']"
46928e7e6f40e51bd327516207c71da768b3be99,"['paraffin', 'influenza', 'tuberculosis', 'oxygen', 'tic', 'human cytomegalovirus', 'weight loss', 'middle east respiratory syndrome coronavirus', 'hepatitis c', 'chemokine', 'phenol', 'malaria', 'middle east respiratory syndrome', 'cytomegalovirus', 'adenovirus', 'tetracycline']"
4d2600919d48235342c2d36933db873933a9aab8,"['oxygen', 'tic', 'venous malformations', 'atrial fibrillation', 'hh', 'telangiectasia', 'cholesterol']"
20154fa12ca525582cd1b42019927e8f7816fb51,"['glutamine', 'tic', 'finnish', 'glutathione', 'histidine', 'uracil', 'folic acid', 'etl', 'cholic acid', 'inositol', 'serine', 'arginine', 'orotic acid', 'water', 'deoxycholic acid', 'adenosine', 'sucrose', 'pica', 'histamine', 'glucose', 'ornithine']"
8762adc9311e5803d1de438493772269acfe7fa3,"['tic', 'senega', 'rigi']"
c3dcba758cf86b373c6c440cc015c4b843b27f55,"['influenza', 'tic', 'pica', 'elm']"
2e3c753682fba0d9c7a0462051a1287b9599ac92,"['parainfluenza', 'influenza', 'respiratory syncytial virus', 'cox', 'mycoplasma pneumoniae', 'tic', 'common cold', 'influenza a virus', 'fatigue', 'mycoplasma pneumonia', 'myalgia', 'lymphadenopathy', 'potassium', 'headache', 'cough', 'middle east respiratory syndrome', 'pica', 'adenovirus', 'alanine', 'nr', 'severe acute respiratory syndrome']"
41392554588d18c76e95bbb8c800b4552b71b503,"['erk', 'tic', 'pectin', 'cough', 'water', 'rigi', 'pica', 'nr', 'severe acute respiratory syndrome', 'ether', 'chloroquine']"
6ede7d40a9858d89341de780a3be9e8b43291151,"['glutamine', 'tic', 'fatigue', 'streptomycin', 'lead acetate', 'cough', 'water', 'rigi', 'thc', 'severe acute respiratory syndrome', 'ether']"
a6af28a7f0a0d8d1e4d5b06f5ae38412298bbcb4,"['tic', 'pain', 'cough', 'water', 'chest pain', 'nr', 'ether']"
75d26c1a58ed8b58697be2789f88445e6c0ee501,"['oxygen', 'tic', 'middle east respiratory syndrome coronavirus', 'fits', 'middle east respiratory syndrome', 'pica', 'aved', 'severe acute respiratory syndrome', 'elm']"
f4f4b045dce8ff5ff1f5aaa48a6bdbaaa7b05179,"['tic', 'water', 'rigi']"
e30696aa49f1c280147ad0e6e691ffd8fc265875,"['pam', 'lopinavir', 'ritonavir', 'doxycycline', 'tuberculosis', 'respiratory syncytial virus', 'tic', 'bcg vaccine', 'bcg', 'methylprednisolone', 'human papilloma virus', 'prednisolone', 'azithromycin', 'nifedipine', 'tocilizumab', 'hydroxychloroquine', 'yellow fever', 'thc', 'chloroquine phosphate', 'severe acute respiratory syndrome', 'ether', 'acetazolamide', 'chloroquine', 'ribavirin']"
1f9d3f9a1a0e8db6a086e0a2b5ba50cf9f235dae,"['pam', 'cox', 'tic', 'rigi', 'agar', 'pica', 'nr', 'ether']"
fda076d8d8b2fb52990e3db1982e4af2ff0fb08e,"['cryptococcosis', 'influenza', 'tic', 'aids', 'nlr', 'hepatitis b', 'salmonella', 'chagas disease', 'hepatitis b virus', 'fits', 'ticks', 'escherichia coli', 'alzheimer disease', 'water', 'pica', 'ether', 'cholera']"
368fb114dfd565dedb635f62b9062956b49cd475,"['oxygen', 'tic', 'tryptophan', 'rash', 'phenol', 'ethanol', 'potassium', 'arginine', 'scra', 'proline', 'escherichia coli', 'staphylococcus aureus', 'glutaral', 'phenylalanine', 'water', 'dimethyl sulfoxide', 'pica', 'alanine', 'glucose']"
ac8c98a982e2b5aec7061105538e56fcaedeaf85,"['influenza', 'tic', 'thc', 'orf', 'high blood pressure', 'ether']"
9b17a9fa6be11d8b3dbed9f3dea2516020083bd3,"['influenza', 'tic', 'middle east respiratory syndrome coronavirus', 'ulcerative colitis', 'falls', 'rigi', 'middle east respiratory syndrome', 'ether']"
33bd85ea9ca61c4d0674c43ae5b901b271b46f1e,"['tic', 'wnt', 'rigi', 'ether']"
1b172e179f17f34d95751998032355427afa78e8,"['cox', 'tic', 'pain', 'urea', 'rigi', 'severe acute respiratory syndrome', 'ether']"
44ee8f0bb55088bfc778fe6f7afe1f0fcea42010,"['transcription', 'tic', 'azithromycin', 'rigi', 'pica', 'orf', 'severe acute respiratory syndrome', 'ribavirin']"
3c12e50b9da4b1fde21d68040610b73b8c216bf3,"['erk', 'oxygen', 'tic', 'aspartic acid', 'ifn', 'pain', 'nitrogen', 'aids', 'tryptophan', 'ethanol', 'papain', 'glycine', 'serine', 'chymotrypsin', 'middle east respiratory syndrome', 'alanine', 'aved', 'ether', 'elm']"
d29c253b473969c4d92ea9911d3badb9a7ee63f2,"['transcription', 'tic', 'serine', 'bleomycin', 'scra', 'proline', 'water', 'agar', 'ether']"
17de28ebcf5e84031aec3acd10e45e62bc14f594,"['tic', 'ifn', 'fatigue', 'cough', 'tnf', 'hyperlipidemia', 'pica', 'nr', 'severe acute respiratory syndrome']"
579b5b3b072ca9af49a180f522d9708d81158539,"['influenza', 'tic', 'pain', 'asthma', 'nr', 'ether', 'elm']"
1edd2ed5ca36137c64554e553d7ba6b5bf3909ca,"['tic', 'nr']"
